{
    "fisheye_camera_K": [
        1017.0290301965242,
        0.0,
        990.1457981785678,
        0.0,
        1024.8917662342429,
        563.3854536942988,
        0.0,
        0.0,
        1.0
    ],
    "fisheye_dist": [
        -0.0493904960187324,
        -0.010281884481918675,
        -0.00019278518140457927,
        -0.0008166220940362427
    ],
    "fisheye_image_size": [
        1920,
        1080
    ],
    "rect_camera_K": [
        1017.0290301965242,
        0.0,
        990.1457981785678,
        0.0,
        1024.8917662342429,
        563.3854536942988,
        0.0,
        0.0,
        1.0
    ],
    "rect_dist": [
        0.0,
        0.0,
        0.0,
        0.0,
        0.0
    ],
    "rect_image_size": [
        1920,
        1080
    ]
}