{
    "fisheye_camera_K": [
        1022.9182898663014,
        0.0,
        977.8472667192605,
        0.0,
        1030.9313054188693,
        577.1252320189806,
        0.0,
        0.0,
        1.0
    ],
    "fisheye_dist": [
        -0.04623169697320822,
        -0.02031218594348908,
        0.01149295769002833,
        -0.005673414731716717
    ],
    "fisheye_image_size": [
        1920,
        1080
    ],
    "rect_camera_K": [
        1022.9182898663014,
        0.0,
        977.8472667192605,
        0.0,
        1030.9313054188693,
        577.1252320189806,
        0.0,
        0.0,
        1.0
    ],
    "rect_dist": [
        0.0,
        0.0,
        0.0,
        0.0,
        0.0
    ],
    "rect_image_size": [
        1920,
        1080
    ]
}