{
    "camera_name": "HJQZ2330291",
    "fisheye_camera_K": [
        1016.7342384950362,
        0.0,
        983.6178463444006,
        0.0,
        1024.5034989145373,
        570.0138294634254,
        0.0,
        0.0,
        1.0
    ],
    "fisheye_dist": [
        -0.048827114408930508,
        -0.006023124448974617,
        -0.006127881982648516,
        0.001858668416082045
    ],
    "fisheye_image_size": [
        1920,
        1080
    ],
    "rect_camera_K": [
        1016.7342384950362,
        0.0,
        983.6178463444006,
        0.0,
        1024.5034989145373,
        570.0138294634254,
        0.0,
        0.0,
        1.0
    ],
    "rect_dist": [
        0.0,
        0.0,
        0.0,
        0.0,
        0.0
    ],
    "rect_image_size": [
        1920,
        1080
    ]
}