{
    "fisheye_camera_K": [
        1018.3461343039389,
        0.0,
        986.6283573754369,
        0.0,
        1026.3234841580173,
        560.2982408333104,
        0.0,
        0.0,
        1.0
    ],
    "fisheye_dist": [
        -0.03916922754530066,
        -0.033502865096137968,
        0.02345254418399418,
        -0.009269488658628516
    ],
    "fisheye_image_size": [
        1920,
        1080
    ],
    "rect_camera_K": [
        1018.3461343039389,
        0.0,
        986.6283573754369,
        0.0,
        1026.3234841580173,
        560.2982408333104,
        0.0,
        0.0,
        1.0
    ],
    "rect_dist": [
        0.0,
        0.0,
        0.0,
        0.0,
        0.0
    ],
    "rect_image_size": [
        1920,
        1080
    ]
}