{
    "fisheye_camera_K": [
        1016.4564169300098,
        0.0,
        976.4527472918851,
        0.0,
        1024.1701965976247,
        563.6251214956501,
        0.0,
        0.0,
        1.0
    ],
    "fisheye_dist": [
        -0.041501629949892777,
        -0.02874746508298459,
        0.01711599177282169,
        -0.0064992553521608319
    ],
    "fisheye_image_size": [
        1920,
        1080
    ],
    "rect_camera_K": [
        1016.4564169300098,
        0.0,
        976.4527472918851,
        0.0,
        1024.1701965976247,
        563.6251214956501,
        0.0,
        0.0,
        1.0
    ],
    "rect_dist": [
        0.0,
        0.0,
        0.0,
        0.0,
        0.0
    ],
    "rect_image_size": [
        1920,
        1080
    ]
}