{
    "fisheye_camera_K": [
        1016.1806687854318,
        0.0,
        985.5315599292048,
        0.0,
        1024.4196378908428,
        568.4549464542763,
        0.0,
        0.0,
        1.0
    ],
    "fisheye_dist": [
        -0.04807496934343531,
        -0.011967902661170755,
        0.0000923321298907926,
        -0.00048307690870343675
    ],
    "fisheye_image_size": [
        1920,
        1080
    ],
    "rect_camera_K": [
        1016.1806687854318,
        0.0,
        985.5315599292048,
        0.0,
        1024.4196378908428,
        568.4549464542763,
        0.0,
        0.0,
        1.0
    ],
    "rect_dist": [
        0.0,
        0.0,
        0.0,
        0.0,
        0.0
    ],
    "rect_image_size": [
        1920,
        1080
    ]
}