{
    "fisheye_camera_K": [
        1019.8594363333822,
        0.0,
        1000.4065735828978,
        0.0,
        1027.7179990739729,
        568.9175478601733,
        0.0,
        0.0,
        1.0
    ],
    "fisheye_dist": [
        -0.04168969952423053,
        -0.02772529224270601,
        0.016653905202774535,
        -0.006711524876553336
    ],
    "fisheye_image_size": [
        1920,
        1080
    ],
    "rect_camera_K": [
        1019.8594363333822,
        0.0,
        1000.4065735828978,
        0.0,
        1027.7179990739729,
        568.9175478601733,
        0.0,
        0.0,
        1.0
    ],
    "rect_dist": [
        0.0,
        0.0,
        0.0,
        0.0,
        0.0
    ],
    "rect_image_size": [
        1920,
        1080
    ]
}