{
    "fisheye_camera_K": [
        1017.1593712193829,
        0.0,
        981.3099389436223,
        0.0,
        1024.6716243809056,
        536.8603558949067,
        0.0,
        0.0,
        1.0
    ],
    "fisheye_dist": [
        -0.048195284684070038,
        -0.00973460385415422,
        -0.00021043799374634775,
        -0.0012220438089361795
    ],
    "fisheye_image_size": [
        1920,
        1080
    ],
    "rect_camera_K": [
        1017.1593712193829,
        0.0,
        981.3099389436223,
        0.0,
        1024.6716243809056,
        536.8603558949067,
        0.0,
        0.0,
        1.0
    ],
    "rect_dist": [
        0.0,
        0.0,
        0.0,
        0.0,
        0.0
    ],
    "rect_image_size": [
        1920,
        1080
    ]
}