{
    "fisheye_camera_K": [
        1021.0452490779874,
        0.0,
        975.2559864751349,
        0.0,
        1029.0097953466419,
        566.7397303092735,
        0.0,
        0.0,
        1.0
    ],
    "fisheye_dist": [
        -0.043010542554553689,
        -0.02478573691511652,
        0.011167844033525889,
        -0.00396976453110526
    ],
    "fisheye_image_size": [
        1920,
        1080
    ],
    "rect_camera_K": [
        1021.0452490779874,
        0.0,
        975.2559864751349,
        0.0,
        1029.0097953466419,
        566.7397303092735,
        0.0,
        0.0,
        1.0
    ],
    "rect_dist": [
        0.0,
        0.0,
        0.0,
        0.0,
        0.0
    ],
    "rect_image_size": [
        1920,
        1080
    ]
}