{
    "camera_name": "HJQZ2330316",
    "fisheye_camera_K": [
        1012.9881829208188,
        0.0,
        981.4220907489277,
        0.0,
        1020.6263650548265,
        558.6870325670151,
        0.0,
        0.0,
        1.0
    ],
    "fisheye_dist": [
        -0.050014984403004118,
        -0.004094145098684865,
        -0.009024798017450809,
        0.003164299360876461
    ],
    "fisheye_image_size": [
        1920,
        1080
    ],
    "rect_camera_K": [
        1012.9881829208188,
        0.0,
        981.4220907489277,
        0.0,
        1020.6263650548265,
        558.6870325670151,
        0.0,
        0.0,
        1.0
    ],
    "rect_dist": [
        0.0,
        0.0,
        0.0,
        0.0,
        0.0
    ],
    "rect_image_size": [
        1920,
        1080
    ]
}