{
    "camera_name": "HJQZ2330295",
    "fisheye_camera_K": [
        1015.0930736746242,
        0.0,
        980.8223962548428,
        0.0,
        1022.9003443416643,
        570.9327727014979,
        0.0,
        0.0,
        1.0
    ],
    "fisheye_dist": [
        -0.049047226511259169,
        -0.005904811600315323,
        -0.0053408051828290749,
        0.0009105099146950706
    ],
    "fisheye_image_size": [
        1920,
        1080
    ],
    "rect_camera_K": [
        1015.0930736746242,
        0.0,
        980.8223962548428,
        0.0,
        1022.9003443416643,
        570.9327727014979,
        0.0,
        0.0,
        1.0
    ],
    "rect_dist": [
        0.0,
        0.0,
        0.0,
        0.0,
        0.0
    ],
    "rect_image_size": [
        1920,
        1080
    ]
}