{
    "fisheye_camera_K": [
        1020.0766452923413,
        0.0,
        987.9575758836659,
        0.0,
        1028.0096247005445,
        575.6729027907596,
        0.0,
        0.0,
        1.0
    ],
    "fisheye_dist": [
        -0.046752637678608367,
        -0.01751621278919357,
        0.007723975619705232,
        -0.003959240280550324
    ],
    "fisheye_image_size": [
        1920,
        1080
    ],
    "rect_camera_K": [
        1020.0766452923413,
        0.0,
        987.9575758836659,
        0.0,
        1028.0096247005445,
        575.6729027907596,
        0.0,
        0.0,
        1.0
    ],
    "rect_dist": [
        0.0,
        0.0,
        0.0,
        0.0,
        0.0
    ],
    "rect_image_size": [
        1920,
        1080
    ]
}