{
    "fisheye_camera_K": [
        1016.8539379793252,
        0.0,
        972.1946255251702,
        0.0,
        1024.6534533670034,
        574.6233747373551,
        0.0,
        0.0,
        1.0
    ],
    "fisheye_dist": [
        -0.044938624981849428,
        -0.021387141345134535,
        0.010313401147583789,
        -0.0044486196505256268
    ],
    "fisheye_image_size": [
        1920,
        1080
    ],
    "rect_camera_K": [
        1016.8539379793252,
        0.0,
        972.1946255251702,
        0.0,
        1024.6534533670034,
        574.6233747373551,
        0.0,
        0.0,
        1.0
    ],
    "rect_dist": [
        0.0,
        0.0,
        0.0,
        0.0,
        0.0
    ],
    "rect_image_size": [
        1920,
        1080
    ]
}