{
    "fisheye_camera_K": [
        1018.2297828296086,
        0.0,
        983.3135249579376,
        0.0,
        1026.1053741787744,
        563.9420722250983,
        0.0,
        0.0,
        1.0
    ],
    "fisheye_dist": [
        -0.0423904254272114,
        -0.029459965936617248,
        0.019120787034211333,
        -0.007692391982210154
    ],
    "fisheye_image_size": [
        1920,
        1080
    ],
    "rect_camera_K": [
        1018.2297828296086,
        0.0,
        983.3135249579376,
        0.0,
        1026.1053741787744,
        563.9420722250983,
        0.0,
        0.0,
        1.0
    ],
    "rect_dist": [
        0.0,
        0.0,
        0.0,
        0.0,
        0.0
    ],
    "rect_image_size": [
        1920,
        1080
    ]
}