{
    "camera_name": "HJQZ2330300",
    "fisheye_camera_K": [
        1015.6956707378759,
        0.0,
        982.2713180245249,
        0.0,
        1023.2468577158062,
        559.9528512580745,
        0.0,
        0.0,
        1.0
    ],
    "fisheye_dist": [
        -0.04885755979797995,
        -0.007491649642988895,
        -0.004046721041045948,
        0.0006507565622536833
    ],
    "fisheye_image_size": [
        1920,
        1080
    ],
    "rect_camera_K": [
        1015.6956707378759,
        0.0,
        982.2713180245249,
        0.0,
        1023.2468577158062,
        559.9528512580745,
        0.0,
        0.0,
        1.0
    ],
    "rect_dist": [
        0.0,
        0.0,
        0.0,
        0.0,
        0.0
    ],
    "rect_image_size": [
        1920,
        1080
    ]
}