{
    "fisheye_camera_K": [
        1019.1609469312635,
        0.0,
        996.0569627317136,
        0.0,
        1026.8691591034036,
        568.68261003499,
        0.0,
        0.0,
        1.0
    ],
    "fisheye_dist": [
        -0.040330098066262368,
        -0.03520507643619601,
        0.026405188339690325,
        -0.010637416922369471
    ],
    "fisheye_image_size": [
        1920,
        1080
    ],
    "rect_camera_K": [
        1019.1609469312635,
        0.0,
        996.0569627317136,
        0.0,
        1026.8691591034036,
        568.68261003499,
        0.0,
        0.0,
        1.0
    ],
    "rect_dist": [
        0.0,
        0.0,
        0.0,
        0.0,
        0.0
    ],
    "rect_image_size": [
        1920,
        1080
    ]
}