{
    "fisheye_camera_K": [
        1014.7269900246809,
        0.0,
        978.8647524656501,
        0.0,
        1022.6939928910717,
        556.9901845948307,
        0.0,
        0.0,
        1.0
    ],
    "fisheye_dist": [
        -0.04674306036316631,
        -0.01707445075849604,
        0.006222090471326667,
        -0.003067644762321362
    ],
    "fisheye_image_size": [
        1920,
        1080
    ],
    "rect_camera_K": [
        1014.7269900246809,
        0.0,
        978.8647524656501,
        0.0,
        1022.6939928910717,
        556.9901845948307,
        0.0,
        0.0,
        1.0
    ],
    "rect_dist": [
        0.0,
        0.0,
        0.0,
        0.0,
        0.0
    ],
    "rect_image_size": [
        1920,
        1080
    ]
}