{
    "camera_name": "HJQZ2330259",
    "fisheye_camera_K": [
        1013.1729706236366,
        0.0,
        990.3253298673766,
        0.0,
        1021.1793323572696,
        576.3949402085102,
        0.0,
        0.0,
        1.0
    ],
    "fisheye_dist": [
        -0.04828188296149242,
        -0.010342686572309598,
        -0.0016329466461715709,
        -0.00006647086067732198
    ],
    "fisheye_image_size": [
        1920,
        1080
    ],
    "rect_camera_K": [
        1013.1729706236366,
        0.0,
        990.3253298673766,
        0.0,
        1021.1793323572696,
        576.3949402085102,
        0.0,
        0.0,
        1.0
    ],
    "rect_dist": [
        0.0,
        0.0,
        0.0,
        0.0,
        0.0
    ],
    "rect_image_size": [
        1920,
        1080
    ]
}