{
    "fisheye_camera_K": [
        1017.7805363037976,
        0.0,
        991.5645101248873,
        0.0,
        1026.2347439564895,
        559.4613783354325,
        0.0,
        0.0,
        1.0
    ],
    "fisheye_dist": [
        -0.04942190090779461,
        -0.01016176203977529,
        -0.0013923351824301786,
        -0.00019103558888559043
    ],
    "fisheye_image_size": [
        1920,
        1080
    ],
    "rect_camera_K": [
        1017.7805363037976,
        0.0,
        991.5645101248873,
        0.0,
        1026.2347439564895,
        559.4613783354325,
        0.0,
        0.0,
        1.0
    ],
    "rect_dist": [
        0.0,
        0.0,
        0.0,
        0.0,
        0.0
    ],
    "rect_image_size": [
        1920,
        1080
    ]
}