{
    "camera_name": "HJQZ23302519",
    "fisheye_camera_K": [
        1014.8997564439992,
        0.0,
        995.064613993638,
        0.0,
        1022.7759273019429,
        573.7526555113234,
        0.0,
        0.0,
        1.0
    ],
    "fisheye_dist": [
        -0.050256532946139038,
        -0.007770548394359153,
        -0.004136594900863718,
        0.0008188212186655482
    ],
    "fisheye_image_size": [
        1920,
        1080
    ],
    "rect_camera_K": [
        1014.8997564439992,
        0.0,
        995.064613993638,
        0.0,
        1022.7759273019429,
        573.7526555113234,
        0.0,
        0.0,
        1.0
    ],
    "rect_dist": [
        0.0,
        0.0,
        0.0,
        0.0,
        0.0
    ],
    "rect_image_size": [
        1920,
        1080
    ]
}