{
    "camera_name": "HJQZ2330267",
    "fisheye_camera_K": [
        1010.8925135242985,
        0.0,
        990.9465915803544,
        0.0,
        1018.7979986493654,
        562.2948912323647,
        0.0,
        0.0,
        1.0
    ],
    "fisheye_dist": [
        -0.04900696212979353,
        -0.006173452146056287,
        -0.0069143247346005079,
        0.0024353179510329529
    ],
    "fisheye_image_size": [
        1920,
        1080
    ],
    "rect_camera_K": [
        1010.8925135242985,
        0.0,
        990.9465915803544,
        0.0,
        1018.7979986493654,
        562.2948912323647,
        0.0,
        0.0,
        1.0
    ],
    "rect_dist": [
        0.0,
        0.0,
        0.0,
        0.0,
        0.0
    ],
    "rect_image_size": [
        1920,
        1080
    ]
}