{
    "fisheye_camera_K": [
        1022.1485463674053,
        0.0,
        977.3122923001558,
        0.0,
        1029.5520424854825,
        567.9119943023218,
        0.0,
        0.0,
        1.0
    ],
    "fisheye_dist": [
        -0.04124952624424404,
        -0.03206415544476321,
        0.023484592553142875,
        -0.009720146172940619
    ],
    "fisheye_image_size": [
        1920,
        1080
    ],
    "rect_camera_K": [
        1022.1485463674053,
        0.0,
        977.3122923001558,
        0.0,
        1029.5520424854825,
        567.9119943023218,
        0.0,
        0.0,
        1.0
    ],
    "rect_dist": [
        0.0,
        0.0,
        0.0,
        0.0,
        0.0
    ],
    "rect_image_size": [
        1920,
        1080
    ]
}