{
    "camera_name": "HJQZ2330273",
    "fisheye_camera_K": [
        1012.3207058797966,
        0.0,
        963.7451350219304,
        0.0,
        1020.3067019704114,
        560.0034848184288,
        0.0,
        0.0,
        1.0
    ],
    "fisheye_dist": [
        -0.04755809764391402,
        -0.012513617137351415,
        0.002121252447522973,
        -0.0017905288422058685
    ],
    "fisheye_image_size": [
        1920,
        1080
    ],
    "rect_camera_K": [
        1012.3207058797966,
        0.0,
        963.7451350219304,
        0.0,
        1020.3067019704114,
        560.0034848184288,
        0.0,
        0.0,
        1.0
    ],
    "rect_dist": [
        0.0,
        0.0,
        0.0,
        0.0,
        0.0
    ],
    "rect_image_size": [
        1920,
        1080
    ]
}