{
    "fisheye_camera_K": [
        1017.8061570848067,
        0.0,
        977.4383632438793,
        0.0,
        1024.8418429953434,
        566.9884585791272,
        0.0,
        0.0,
        1.0
    ],
    "fisheye_dist": [
        -0.03999898485392074,
        -0.032470146554357589,
        0.019001530312634526,
        -0.006879836996778401
    ],
    "fisheye_image_size": [
        1920,
        1080
    ],
    "rect_camera_K": [
        1017.8061570848067,
        0.0,
        977.4383632438793,
        0.0,
        1024.8418429953434,
        566.9884585791272,
        0.0,
        0.0,
        1.0
    ],
    "rect_dist": [
        0.0,
        0.0,
        0.0,
        0.0,
        0.0
    ],
    "rect_image_size": [
        1920,
        1080
    ]
}