{
    "camera_name": "HJQZ2330290",
    "fisheye_camera_K": [
        1013.1828546693181,
        0.0,
        977.7338946637182,
        0.0,
        1020.7819026746598,
        586.6272817086585,
        0.0,
        0.0,
        1.0
    ],
    "fisheye_dist": [
        -0.04890123233166258,
        -0.008485792024849226,
        -0.004717435369594099,
        0.001524823560766667
    ],
    "fisheye_image_size": [
        1920,
        1080
    ],
    "rect_camera_K": [
        1013.1828546693181,
        0.0,
        977.7338946637182,
        0.0,
        1020.7819026746598,
        586.6272817086585,
        0.0,
        0.0,
        1.0
    ],
    "rect_dist": [
        0.0,
        0.0,
        0.0,
        0.0,
        0.0
    ],
    "rect_image_size": [
        1920,
        1080
    ]
}