{
    "fisheye_camera_K": [
        1022.4495442463049,
        0.0,
        990.3726134324982,
        0.0,
        1030.2929192659427,
        572.8858186717008,
        0.0,
        0.0,
        1.0
    ],
    "fisheye_dist": [
        -0.04715062010022079,
        -0.013317592518770402,
        0.002691650231931002,
        -0.0018077223997999787
    ],
    "fisheye_image_size": [
        1920,
        1080
    ],
    "rect_camera_K": [
        1022.4495442463049,
        0.0,
        990.3726134324982,
        0.0,
        1030.2929192659427,
        572.8858186717008,
        0.0,
        0.0,
        1.0
    ],
    "rect_dist": [
        0.0,
        0.0,
        0.0,
        0.0,
        0.0
    ],
    "rect_image_size": [
        1920,
        1080
    ]
}