{
    "camera_name": "HJQZ2330262",
    "fisheye_camera_K": [
        1014.2749889273674,
        0.0,
        976.6316588974953,
        0.0,
        1021.8739489882917,
        569.1713910761727,
        0.0,
        0.0,
        1.0
    ],
    "fisheye_dist": [
        -0.050625351741581278,
        -0.0036615969239540836,
        -0.009437927836075033,
        0.003321332447198603
    ],
    "fisheye_image_size": [
        1920,
        1080
    ],
    "rect_camera_K": [
        1014.2749889273674,
        0.0,
        976.6316588974953,
        0.0,
        1021.8739489882917,
        569.1713910761727,
        0.0,
        0.0,
        1.0
    ],
    "rect_dist": [
        0.0,
        0.0,
        0.0,
        0.0,
        0.0
    ],
    "rect_image_size": [
        1920,
        1080
    ]
}