{
    "fisheye_camera_K": [
        1019.8743793223629,
        0.0,
        997.9393491937365,
        0.0,
        1027.7862231071215,
        590.3540293394522,
        0.0,
        0.0,
        1.0
    ],
    "fisheye_dist": [
        -0.0434126453399502,
        -0.02463646493270036,
        0.013698510258389304,
        -0.0054935259516862579
    ],
    "fisheye_image_size": [
        1920,
        1080
    ],
    "rect_camera_K": [
        1019.8743793223629,
        0.0,
        997.9393491937365,
        0.0,
        1027.7862231071215,
        590.3540293394522,
        0.0,
        0.0,
        1.0
    ],
    "rect_dist": [
        0.0,
        0.0,
        0.0,
        0.0,
        0.0
    ],
    "rect_image_size": [
        1920,
        1080
    ]
}