{
    "fisheye_camera_K": [
        1018.7846065993936,
        0.0,
        971.4240407127248,
        0.0,
        1026.916741814873,
        573.3476770032032,
        0.0,
        0.0,
        1.0
    ],
    "fisheye_dist": [
        -0.042292613248944937,
        -0.028122950601259749,
        0.017898824561584975,
        -0.007438870666282633
    ],
    "fisheye_image_size": [
        1920,
        1080
    ],
    "rect_camera_K": [
        1018.7846065993936,
        0.0,
        971.4240407127248,
        0.0,
        1026.916741814873,
        573.3476770032032,
        0.0,
        0.0,
        1.0
    ],
    "rect_dist": [
        0.0,
        0.0,
        0.0,
        0.0,
        0.0
    ],
    "rect_image_size": [
        1920,
        1080
    ]
}