{
    "camera_name": "HJQZ2330256",
    "fisheye_camera_K": [
        1013.3737580469087,
        0.0,
        997.6397904136454,
        0.0,
        1021.0606889576762,
        565.6132519933044,
        0.0,
        0.0,
        1.0
    ],
    "fisheye_dist": [
        -0.04862007508307617,
        -0.005344103150468525,
        -0.008438112704532432,
        0.0028291972282052108
    ],
    "fisheye_image_size": [
        1920,
        1080
    ],
    "rect_camera_K": [
        1013.3737580469087,
        0.0,
        997.6397904136454,
        0.0,
        1021.0606889576762,
        565.6132519933044,
        0.0,
        0.0,
        1.0
    ],
    "rect_dist": [
        0.0,
        0.0,
        0.0,
        0.0,
        0.0
    ],
    "rect_image_size": [
        1920,
        1080
    ]
}