{
    "fisheye_camera_K": [
        1017.9543962725085,
        0.0,
        969.0353550312444,
        0.0,
        1025.5594257645776,
        558.2480418473236,
        0.0,
        0.0,
        1.0
    ],
    "fisheye_dist": [
        -0.04497611099853636,
        -0.01894508596146095,
        0.007523259018433354,
        -0.0033351129046471116
    ],
    "fisheye_image_size": [
        1920,
        1080
    ],
    "rect_camera_K": [
        1017.9543962725085,
        0.0,
        969.0353550312444,
        0.0,
        1025.5594257645776,
        558.2480418473236,
        0.0,
        0.0,
        1.0
    ],
    "rect_dist": [
        0.0,
        0.0,
        0.0,
        0.0,
        0.0
    ],
    "rect_image_size": [
        1920,
        1080
    ]
}