{
    "camera_name": "HJQZ2330271",
    "fisheye_camera_K": [
        1014.357870461415,
        0.0,
        983.8573267807525,
        0.0,
        1022.2213991680585,
        568.8962452054407,
        0.0,
        0.0,
        1.0
    ],
    "fisheye_dist": [
        -0.050103044761248428,
        -0.004129014591867207,
        -0.00960100552060311,
        0.003450169365651732
    ],
    "fisheye_image_size": [
        1920,
        1080
    ],
    "rect_camera_K": [
        1014.357870461415,
        0.0,
        983.8573267807525,
        0.0,
        1022.2213991680585,
        568.8962452054407,
        0.0,
        0.0,
        1.0
    ],
    "rect_dist": [
        0.0,
        0.0,
        0.0,
        0.0,
        0.0
    ],
    "rect_image_size": [
        1920,
        1080
    ]
}