{
    "fisheye_camera_K": [
        1021.8587148656047,
        0.0,
        1002.5472199669349,
        0.0,
        1029.4907825121887,
        571.0963425168031,
        0.0,
        0.0,
        1.0
    ],
    "fisheye_dist": [
        -0.047317354525721427,
        -0.013595287005795157,
        0.0020981436891830626,
        -0.0013515151885290064
    ],
    "fisheye_image_size": [
        1920,
        1080
    ],
    "rect_camera_K": [
        1021.8587148656047,
        0.0,
        1002.5472199669349,
        0.0,
        1029.4907825121887,
        571.0963425168031,
        0.0,
        0.0,
        1.0
    ],
    "rect_dist": [
        0.0,
        0.0,
        0.0,
        0.0,
        0.0
    ],
    "rect_image_size": [
        1920,
        1080
    ]
}