{
    "fisheye_camera_K": [
        1016.0590922671606,
        0.0,
        984.0303860233729,
        0.0,
        1024.072753214936,
        572.5560277135802,
        0.0,
        0.0,
        1.0
    ],
    "fisheye_dist": [
        -0.04409696138699613,
        -0.019562746001562257,
        0.006260926287269766,
        -0.0023215598043645018
    ],
    "fisheye_image_size": [
        1920,
        1080
    ],
    "rect_camera_K": [
        1016.0590922671606,
        0.0,
        984.0303860233729,
        0.0,
        1024.072753214936,
        572.5560277135802,
        0.0,
        0.0,
        1.0
    ],
    "rect_dist": [
        0.0,
        0.0,
        0.0,
        0.0,
        0.0
    ],
    "rect_image_size": [
        1920,
        1080
    ]
}