{
    "camera_name": "HJQZ2330294",
    "fisheye_camera_K": [
        1015.8589227555949,
        0.0,
        981.6752385975889,
        0.0,
        1024.1119979964904,
        550.577243317339,
        0.0,
        0.0,
        1.0
    ],
    "fisheye_dist": [
        -0.04547501629507534,
        -0.012664075163936412,
        0.001929616235236304,
        -0.0016306415044897534
    ],
    "fisheye_image_size": [
        1920,
        1080
    ],
    "rect_camera_K": [
        1015.8589227555949,
        0.0,
        981.6752385975889,
        0.0,
        1024.1119979964904,
        550.577243317339,
        0.0,
        0.0,
        1.0
    ],
    "rect_dist": [
        0.0,
        0.0,
        0.0,
        0.0,
        0.0
    ],
    "rect_image_size": [
        1920,
        1080
    ]
}