{
    "camera_name": "HJQZ2330258",
    "fisheye_camera_K": [
        1010.2725942913269,
        0.0,
        984.467208485502,
        0.0,
        1018.6218162732158,
        560.6423663182836,
        0.0,
        0.0,
        1.0
    ],
    "fisheye_dist": [
        -0.04605611499863369,
        -0.009043743384173112,
        -0.004043251460040838,
        0.001383290741852774
    ],
    "fisheye_image_size": [
        1920,
        1080
    ],
    "rect_camera_K": [
        1010.2725942913269,
        0.0,
        984.467208485502,
        0.0,
        1018.6218162732158,
        560.6423663182836,
        0.0,
        0.0,
        1.0
    ],
    "rect_dist": [
        0.0,
        0.0,
        0.0,
        0.0,
        0.0
    ],
    "rect_image_size": [
        1920,
        1080
    ]
}