{
    "fisheye_camera_K": [
        1019.8838935778239,
        0.0,
        988.485571636474,
        0.0,
        1027.5741722526339,
        599.5306474476041,
        0.0,
        0.0,
        1.0
    ],
    "fisheye_dist": [
        -0.04593560547493016,
        -0.01828154010099758,
        0.006286354929165389,
        -0.002722650844701345
    ],
    "fisheye_image_size": [
        1920,
        1080
    ],
    "rect_camera_K": [
        1019.8838935778239,
        0.0,
        988.485571636474,
        0.0,
        1027.5741722526339,
        599.5306474476041,
        0.0,
        0.0,
        1.0
    ],
    "rect_dist": [
        0.0,
        0.0,
        0.0,
        0.0,
        0.0
    ],
    "rect_image_size": [
        1920,
        1080
    ]
}