{
    "fisheye_camera_K": [
        1020.1175477542298,
        0.0,
        991.9305279726414,
        0.0,
        1027.9834147326515,
        553.4750315079951,
        0.0,
        0.0,
        1.0
    ],
    "fisheye_dist": [
        -0.045596642172567428,
        -0.01993319110021849,
        0.008065149921597152,
        -0.0034057311785270626
    ],
    "fisheye_image_size": [
        1920,
        1080
    ],
    "rect_camera_K": [
        1020.1175477542298,
        0.0,
        991.9305279726414,
        0.0,
        1027.9834147326515,
        553.4750315079951,
        0.0,
        0.0,
        1.0
    ],
    "rect_dist": [
        0.0,
        0.0,
        0.0,
        0.0,
        0.0
    ],
    "rect_image_size": [
        1920,
        1080
    ]
}