{
    "camera_name": "HJQZ2330314",
    "fisheye_camera_K": [
        1014.1861520892162,
        0.0,
        976.8460197278465,
        0.0,
        1021.6010432190548,
        561.0204912032531,
        0.0,
        0.0,
        1.0
    ],
    "fisheye_dist": [
        -0.04966813884193914,
        -0.005615732391952858,
        -0.005822230026394001,
        0.0012456138693520314
    ],
    "fisheye_image_size": [
        1920,
        1080
    ],
    "rect_camera_K": [
        1014.1861520892162,
        0.0,
        976.8460197278465,
        0.0,
        1021.6010432190548,
        561.0204912032531,
        0.0,
        0.0,
        1.0
    ],
    "rect_dist": [
        0.0,
        0.0,
        0.0,
        0.0,
        0.0
    ],
    "rect_image_size": [
        1920,
        1080
    ]
}