{
    "camera_name": "HJQZ2330270",
    "fisheye_camera_K": [
        1015.376411937843,
        0.0,
        976.4528778968878,
        0.0,
        1023.1911324310717,
        554.5393601588764,
        0.0,
        0.0,
        1.0
    ],
    "fisheye_dist": [
        -0.04717740997779398,
        -0.008793441206856399,
        -0.0025909055254261469,
        0.00022146565791810244
    ],
    "fisheye_image_size": [
        1920,
        1080
    ],
    "rect_camera_K": [
        1015.376411937843,
        0.0,
        976.4528778968878,
        0.0,
        1023.1911324310717,
        554.5393601588764,
        0.0,
        0.0,
        1.0
    ],
    "rect_dist": [
        0.0,
        0.0,
        0.0,
        0.0,
        0.0
    ],
    "rect_image_size": [
        1920,
        1080
    ]
}