{
    "fisheye_camera_K": [
        1014.745051990259,
        0.0,
        991.3574557981224,
        0.0,
        1022.8916647664771,
        569.6045560232441,
        0.0,
        0.0,
        1.0
    ],
    "fisheye_dist": [
        -0.04441306078974738,
        -0.023769129261932144,
        0.01138266356945632,
        -0.004251688644876554
    ],
    "fisheye_image_size": [
        1920,
        1080
    ],
    "rect_camera_K": [
        1014.745051990259,
        0.0,
        991.3574557981224,
        0.0,
        1022.8916647664771,
        569.6045560232441,
        0.0,
        0.0,
        1.0
    ],
    "rect_dist": [
        0.0,
        0.0,
        0.0,
        0.0,
        0.0
    ],
    "rect_image_size": [
        1920,
        1080
    ]
}