{
    "camera_name": "HJQZ2330274",
    "fisheye_camera_K": [
        1015.8550369367214,
        0.0,
        984.9862830103812,
        0.0,
        1023.9322988309818,
        578.5785764009617,
        0.0,
        0.0,
        1.0
    ],
    "fisheye_dist": [
        -0.04972805712891684,
        -0.002856107929529137,
        -0.01002429592977333,
        0.0031621854800167696
    ],
    "fisheye_image_size": [
        1920,
        1080
    ],
    "rect_camera_K": [
        1015.8550369367214,
        0.0,
        984.9862830103812,
        0.0,
        1023.9322988309818,
        578.5785764009617,
        0.0,
        0.0,
        1.0
    ],
    "rect_dist": [
        0.0,
        0.0,
        0.0,
        0.0,
        0.0
    ],
    "rect_image_size": [
        1920,
        1080
    ]
}