{
    "fisheye_camera_K": [
        1015.6153543290861,
        0.0,
        986.6557947838526,
        0.0,
        1023.6053582403057,
        555.1065783149568,
        0.0,
        0.0,
        1.0
    ],
    "fisheye_dist": [
        -0.04249917766725992,
        -0.026757919174173935,
        0.01583139012772432,
        -0.0063846399714730908
    ],
    "fisheye_image_size": [
        1920,
        1080
    ],
    "rect_camera_K": [
        1015.6153543290861,
        0.0,
        986.6557947838526,
        0.0,
        1023.6053582403057,
        555.1065783149568,
        0.0,
        0.0,
        1.0
    ],
    "rect_dist": [
        0.0,
        0.0,
        0.0,
        0.0,
        0.0
    ],
    "rect_image_size": [
        1920,
        1080
    ]
}