{
    "camera_name": "HJQZ2330303",
    "fisheye_camera_K": [
        1015.8831995741991,
        0.0,
        977.3391018471938,
        0.0,
        1023.7422785543204,
        569.8297099300953,
        0.0,
        0.0,
        1.0
    ],
    "fisheye_dist": [
        -0.047381833904594109,
        -0.00938481637724014,
        -0.0015971024258853012,
        -0.0004357212064887309
    ],
    "fisheye_image_size": [
        1920,
        1080
    ],
    "rect_camera_K": [
        1015.8831995741991,
        0.0,
        977.3391018471938,
        0.0,
        1023.7422785543204,
        569.8297099300953,
        0.0,
        0.0,
        1.0
    ],
    "rect_dist": [
        0.0,
        0.0,
        0.0,
        0.0,
        0.0
    ],
    "rect_image_size": [
        1920,
        1080
    ]
}