{
    "camera_name": "HJQZ2330301",
    "fisheye_camera_K": [
        1013.5042249286605,
        0.0,
        958.5633000058607,
        0.0,
        1021.0694893528408,
        574.962711221021,
        0.0,
        0.0,
        1.0
    ],
    "fisheye_dist": [
        -0.05186059081259011,
        -0.0017757887705451093,
        -0.011364404922661066,
        0.004014354313737939
    ],
    "fisheye_image_size": [
        1920,
        1080
    ],
    "rect_camera_K": [
        1013.5042249286605,
        0.0,
        958.5633000058607,
        0.0,
        1021.0694893528408,
        574.962711221021,
        0.0,
        0.0,
        1.0
    ],
    "rect_dist": [
        0.0,
        0.0,
        0.0,
        0.0,
        0.0
    ],
    "rect_image_size": [
        1920,
        1080
    ]
}