{
    "camera_name": "HJQZ2330275",
    "fisheye_camera_K": [
        1012.1698292157894,
        0.0,
        976.5742699751066,
        0.0,
        1019.984661162931,
        561.0394743621509,
        0.0,
        0.0,
        1.0
    ],
    "fisheye_dist": [
        -0.048539239377850217,
        -0.005772974782973142,
        -0.007233789898214947,
        0.0022634721908614539
    ],
    "fisheye_image_size": [
        1920,
        1080
    ],
    "rect_camera_K": [
        1012.1698292157894,
        0.0,
        976.5742699751066,
        0.0,
        1019.984661162931,
        561.0394743621509,
        0.0,
        0.0,
        1.0
    ],
    "rect_dist": [
        0.0,
        0.0,
        0.0,
        0.0,
        0.0
    ],
    "rect_image_size": [
        1920,
        1080
    ]
}