{
    "fisheye_camera_K": [
        1017.8491533259079,
        0.0,
        992.971083523054,
        0.0,
        1025.578450049013,
        579.5968888069743,
        0.0,
        0.0,
        1.0
    ],
    "fisheye_dist": [
        -0.04641668572884452,
        -0.016696205818001569,
        0.004870991371630061,
        -0.0020352181344165467
    ],
    "fisheye_image_size": [
        1920,
        1080
    ],
    "rect_camera_K": [
        1017.8491533259079,
        0.0,
        992.971083523054,
        0.0,
        1025.578450049013,
        579.5968888069743,
        0.0,
        0.0,
        1.0
    ],
    "rect_dist": [
        0.0,
        0.0,
        0.0,
        0.0,
        0.0
    ],
    "rect_image_size": [
        1920,
        1080
    ]
}