{
    "fisheye_camera_K": [
        1016.7162379808602,
        0.0,
        987.5894739626616,
        0.0,
        1024.0256604038073,
        561.3820050159764,
        0.0,
        0.0,
        1.0
    ],
    "fisheye_dist": [
        -0.04324970775836257,
        -0.02674673204545387,
        0.013943474679228435,
        -0.005105556067137848
    ],
    "fisheye_image_size": [
        1920,
        1080
    ],
    "rect_camera_K": [
        1016.7162379808602,
        0.0,
        987.5894739626616,
        0.0,
        1024.0256604038073,
        561.3820050159764,
        0.0,
        0.0,
        1.0
    ],
    "rect_dist": [
        0.0,
        0.0,
        0.0,
        0.0,
        0.0
    ],
    "rect_image_size": [
        1920,
        1080
    ]
}