{
    "camera_name": "HJQZ2330257",
    "fisheye_camera_K": [
        1013.7786712495608,
        0.0,
        982.674762703827,
        0.0,
        1021.8436716963686,
        571.9191581047192,
        0.0,
        0.0,
        1.0
    ],
    "fisheye_dist": [
        -0.04763864680137538,
        -0.011792157216619283,
        0.00020674710492943273,
        -0.0011191141222350998
    ],
    "fisheye_image_size": [
        1920,
        1080
    ],
    "rect_camera_K": [
        1013.7786712495608,
        0.0,
        982.674762703827,
        0.0,
        1021.8436716963686,
        571.9191581047192,
        0.0,
        0.0,
        1.0
    ],
    "rect_dist": [
        0.0,
        0.0,
        0.0,
        0.0,
        0.0
    ],
    "rect_image_size": [
        1920,
        1080
    ]
}