{
    "fisheye_camera_K": [
        1015.2258178811046,
        0.0,
        973.7286666253672,
        0.0,
        1023.035852959546,
        585.1239906984069,
        0.0,
        0.0,
        1.0
    ],
    "fisheye_dist": [
        -0.044869992658255159,
        -0.022533218859858488,
        0.011919849691817981,
        -0.005070918509874472
    ],
    "fisheye_image_size": [
        1920,
        1080
    ],
    "rect_camera_K": [
        1015.2258178811046,
        0.0,
        973.7286666253672,
        0.0,
        1023.035852959546,
        585.1239906984069,
        0.0,
        0.0,
        1.0
    ],
    "rect_dist": [
        0.0,
        0.0,
        0.0,
        0.0,
        0.0
    ],
    "rect_image_size": [
        1920,
        1080
    ]
}