{
    "fisheye_camera_K": [
        1020.3657674566729,
        0.0,
        978.5409245677262,
        0.0,
        1028.06326668959,
        576.6617558916597,
        0.0,
        0.0,
        1.0
    ],
    "fisheye_dist": [
        -0.04399056612229741,
        -0.024231948450671675,
        0.013944769892618342,
        -0.006041857958361028
    ],
    "fisheye_image_size": [
        1920,
        1080
    ],
    "rect_camera_K": [
        1020.3657674566729,
        0.0,
        978.5409245677262,
        0.0,
        1028.06326668959,
        576.6617558916597,
        0.0,
        0.0,
        1.0
    ],
    "rect_dist": [
        0.0,
        0.0,
        0.0,
        0.0,
        0.0
    ],
    "rect_image_size": [
        1920,
        1080
    ]
}