{
    "camera_name": "HJQZ2330252",
    "fisheye_camera_K": [
        1015.2289263197541,
        0.0,
        991.4788162545573,
        0.0,
        1022.7280097236957,
        550.9154223667692,
        0.0,
        0.0,
        1.0
    ],
    "fisheye_dist": [
        -0.05016784011200293,
        -0.0064171538959342379,
        -0.00605753075768629,
        0.0015560861875052763
    ],
    "fisheye_image_size": [
        1920,
        1080
    ],
    "rect_camera_K": [
        1015.2289263197541,
        0.0,
        991.4788162545573,
        0.0,
        1022.7280097236957,
        550.9154223667692,
        0.0,
        0.0,
        1.0
    ],
    "rect_dist": [
        0.0,
        0.0,
        0.0,
        0.0,
        0.0
    ],
    "rect_image_size": [
        1920,
        1080
    ]
}