{
    "camera_name": "HJQZ2330279",
    "fisheye_camera_K": [
        1014.0900224813872,
        0.0,
        983.9877870586349,
        0.0,
        1022.1612178324508,
        551.183208300432,
        0.0,
        0.0,
        1.0
    ],
    "fisheye_dist": [
        -0.047477633590659668,
        -0.007341016692266505,
        -0.005331855136195741,
        0.0014207200252205808
    ],
    "fisheye_image_size": [
        1920,
        1080
    ],
    "rect_camera_K": [
        1014.0900224813872,
        0.0,
        983.9877870586349,
        0.0,
        1022.1612178324508,
        551.183208300432,
        0.0,
        0.0,
        1.0
    ],
    "rect_dist": [
        0.0,
        0.0,
        0.0,
        0.0,
        0.0
    ],
    "rect_image_size": [
        1920,
        1080
    ]
}