{
    "fisheye_camera_K": [
        1019.6380698478339,
        0.0,
        994.8993160799115,
        0.0,
        1027.599782373979,
        552.826499453852,
        0.0,
        0.0,
        1.0
    ],
    "fisheye_dist": [
        -0.04376477813313518,
        -0.024111648049744747,
        0.01303947260556303,
        -0.005354600855414669
    ],
    "fisheye_image_size": [
        1920,
        1080
    ],
    "rect_camera_K": [
        1019.6380698478339,
        0.0,
        994.8993160799115,
        0.0,
        1027.599782373979,
        552.826499453852,
        0.0,
        0.0,
        1.0
    ],
    "rect_dist": [
        0.0,
        0.0,
        0.0,
        0.0,
        0.0
    ],
    "rect_image_size": [
        1920,
        1080
    ]
}