{
    "fisheye_camera_K": [
        1017.1152199741085,
        0.0,
        985.7523473961411,
        0.0,
        1025.611297463499,
        555.5871484689017,
        0.0,
        0.0,
        1.0
    ],
    "fisheye_dist": [
        -0.03838337118766416,
        -0.03387014599388947,
        0.022912136281892004,
        -0.008943919332275905
    ],
    "fisheye_image_size": [
        1920,
        1080
    ],
    "rect_camera_K": [
        1017.1152199741085,
        0.0,
        985.7523473961411,
        0.0,
        1025.611297463499,
        555.5871484689017,
        0.0,
        0.0,
        1.0
    ],
    "rect_dist": [
        0.0,
        0.0,
        0.0,
        0.0,
        0.0
    ],
    "rect_image_size": [
        1920,
        1080
    ]
}