{
    "camera_name": "HJQZ2330311",
    "fisheye_camera_K": [
        1015.0340200099003,
        0.0,
        988.3333868496001,
        0.0,
        1022.4204022292126,
        565.3176801360305,
        0.0,
        0.0,
        1.0
    ],
    "fisheye_dist": [
        -0.04559850494888127,
        -0.012067420515686847,
        0.0012632418257094295,
        -0.001377834407391355
    ],
    "fisheye_image_size": [
        1920,
        1080
    ],
    "rect_camera_K": [
        1015.0340200099003,
        0.0,
        988.3333868496001,
        0.0,
        1022.4204022292126,
        565.3176801360305,
        0.0,
        0.0,
        1.0
    ],
    "rect_dist": [
        0.0,
        0.0,
        0.0,
        0.0,
        0.0
    ],
    "rect_image_size": [
        1920,
        1080
    ]
}