{
    "fisheye_camera_K": [
        1017.2579374811816,
        0.0,
        974.5860041560246,
        0.0,
        1025.3053793986765,
        557.2541476292477,
        0.0,
        0.0,
        1.0
    ],
    "fisheye_dist": [
        -0.04468502550126957,
        -0.022604077200577317,
        0.011864461483742092,
        -0.004965996192325407
    ],
    "fisheye_image_size": [
        1920,
        1080
    ],
    "rect_camera_K": [
        1017.2579374811816,
        0.0,
        974.5860041560246,
        0.0,
        1025.3053793986765,
        557.2541476292477,
        0.0,
        0.0,
        1.0
    ],
    "rect_dist": [
        0.0,
        0.0,
        0.0,
        0.0,
        0.0
    ],
    "rect_image_size": [
        1920,
        1080
    ]
}