{
    "fisheye_camera_K": [
        1021.2209447534769,
        0.0,
        964.8565360721817,
        0.0,
        1029.4856338104196,
        561.4640556753114,
        0.0,
        0.0,
        1.0
    ],
    "fisheye_dist": [
        -0.043786502302990099,
        -0.019527973726842487,
        0.008317774860141417,
        -0.003831172022309708
    ],
    "fisheye_image_size": [
        1920,
        1080
    ],
    "rect_camera_K": [
        1021.2209447534769,
        0.0,
        964.8565360721817,
        0.0,
        1029.4856338104196,
        561.4640556753114,
        0.0,
        0.0,
        1.0
    ],
    "rect_dist": [
        0.0,
        0.0,
        0.0,
        0.0,
        0.0
    ],
    "rect_image_size": [
        1920,
        1080
    ]
}