{
    "camera_name": "HJQZ2330293",
    "fisheye_camera_K": [
        1012.221983375278,
        0.0,
        994.6349323071964,
        0.0,
        1020.2147497458841,
        581.5133346365635,
        0.0,
        0.0,
        1.0
    ],
    "fisheye_dist": [
        -0.046892193444212196,
        -0.013225334117613562,
        0.0026484633188926726,
        -0.0019455116888646993
    ],
    "fisheye_image_size": [
        1920,
        1080
    ],
    "rect_camera_K": [
        1012.221983375278,
        0.0,
        994.6349323071964,
        0.0,
        1020.2147497458841,
        581.5133346365635,
        0.0,
        0.0,
        1.0
    ],
    "rect_dist": [
        0.0,
        0.0,
        0.0,
        0.0,
        0.0
    ],
    "rect_image_size": [
        1920,
        1080
    ]
}