{
    "camera_name": "HJQZ2330292",
    "fisheye_camera_K": [
        1013.0736443154635,
        0.0,
        971.1549732490731,
        0.0,
        1020.9098875650465,
        554.8137047882368,
        0.0,
        0.0,
        1.0
    ],
    "fisheye_dist": [
        -0.049121771978838647,
        -0.006997898141239801,
        -0.0044944925408238879,
        0.0009989000127190219
    ],
    "fisheye_image_size": [
        1920,
        1080
    ],
    "rect_camera_K": [
        1013.0736443154635,
        0.0,
        971.1549732490731,
        0.0,
        1020.9098875650465,
        554.8137047882368,
        0.0,
        0.0,
        1.0
    ],
    "rect_dist": [
        0.0,
        0.0,
        0.0,
        0.0,
        0.0
    ],
    "rect_image_size": [
        1920,
        1080
    ]
}