{
    "camera_name": "HJQZ2330287",
    "fisheye_camera_K": [
        1021.5505133950936,
        0.0,
        962.6410883481426,
        0.0,
        1029.1480241220646,
        565.1542784206057,
        0.0,
        0.0,
        1.0
    ],
    "fisheye_dist": [
        -0.05067978730637105,
        -0.009388727595033276,
        -0.001285824613878839,
        -0.0009218257550799295
    ],
    "fisheye_image_size": [
        1920,
        1080
    ],
    "rect_camera_K": [
        1021.5505133950936,
        0.0,
        962.6410883481426,
        0.0,
        1029.1480241220646,
        565.1542784206057,
        0.0,
        0.0,
        1.0
    ],
    "rect_dist": [
        0.0,
        0.0,
        0.0,
        0.0,
        0.0
    ],
    "rect_image_size": [
        1920,
        1080
    ]
}