{
    "camera_name": "HJQZ2330286",
    "fisheye_camera_K": [
        1013.5078029047124,
        0.0,
        987.6819640262944,
        0.0,
        1021.3077698273696,
        569.6277069511356,
        0.0,
        0.0,
        1.0
    ],
    "fisheye_dist": [
        -0.05056140413427525,
        -0.0017552166500892572,
        -0.010180854084095182,
        0.003111120086965588
    ],
    "fisheye_image_size": [
        1920,
        1080
    ],
    "rect_camera_K": [
        1013.5078029047124,
        0.0,
        987.6819640262944,
        0.0,
        1021.3077698273696,
        569.6277069511356,
        0.0,
        0.0,
        1.0
    ],
    "rect_dist": [
        0.0,
        0.0,
        0.0,
        0.0,
        0.0
    ],
    "rect_image_size": [
        1920,
        1080
    ]
}