{
    "fisheye_camera_K": [
        1020.0386856253906,
        0.0,
        976.6758820354479,
        0.0,
        1027.9616406827245,
        554.6021483466094,
        0.0,
        0.0,
        1.0
    ],
    "fisheye_dist": [
        -0.04071641771897174,
        -0.02813295727547042,
        0.015393101527376595,
        -0.00580437641344429
    ],
    "fisheye_image_size": [
        1920,
        1080
    ],
    "rect_camera_K": [
        1020.0386856253906,
        0.0,
        976.6758820354479,
        0.0,
        1027.9616406827245,
        554.6021483466094,
        0.0,
        0.0,
        1.0
    ],
    "rect_dist": [
        0.0,
        0.0,
        0.0,
        0.0,
        0.0
    ],
    "rect_image_size": [
        1920,
        1080
    ]
}