{
    "camera_name": "HJQZ2330285",
    "fisheye_camera_K": [
        1016.1167784380928,
        0.0,
        977.7544921415272,
        0.0,
        1023.5450400329422,
        569.1794669817564,
        0.0,
        0.0,
        1.0
    ],
    "fisheye_dist": [
        -0.05076062900998839,
        -0.0019311652583249009,
        -0.011055666168742424,
        0.003601687052469742
    ],
    "fisheye_image_size": [
        1920,
        1080
    ],
    "rect_camera_K": [
        1016.1167784380928,
        0.0,
        977.7544921415272,
        0.0,
        1023.5450400329422,
        569.1794669817564,
        0.0,
        0.0,
        1.0
    ],
    "rect_dist": [
        0.0,
        0.0,
        0.0,
        0.0,
        0.0
    ],
    "rect_image_size": [
        1920,
        1080
    ]
}