{
    "fisheye_camera_K": [
        1014.1716849192413,
        0.0,
        988.5664485100053,
        0.0,
        1021.8781250924683,
        567.1637812364598,
        0.0,
        0.0,
        1.0
    ],
    "fisheye_dist": [
        -0.04637806506321865,
        -0.01882612728137179,
        0.007525299894647302,
        -0.0034175770057545266
    ],
    "fisheye_image_size": [
        1920,
        1080
    ],
    "rect_camera_K": [
        1014.1716849192413,
        0.0,
        988.5664485100053,
        0.0,
        1021.8781250924683,
        567.1637812364598,
        0.0,
        0.0,
        1.0
    ],
    "rect_dist": [
        0.0,
        0.0,
        0.0,
        0.0,
        0.0
    ],
    "rect_image_size": [
        1920,
        1080
    ]
}