{
    "fisheye_camera_K": [
        1018.069767951965,
        0.0,
        978.3428460384187,
        0.0,
        1026.093632683199,
        586.0187955580609,
        0.0,
        0.0,
        1.0
    ],
    "fisheye_dist": [
        -0.042594278430199649,
        -0.02617138902453808,
        0.013916914474262119,
        -0.0054613060818183849
    ],
    "fisheye_image_size": [
        1920,
        1080
    ],
    "rect_camera_K": [
        1018.069767951965,
        0.0,
        978.3428460384187,
        0.0,
        1026.093632683199,
        586.0187955580609,
        0.0,
        0.0,
        1.0
    ],
    "rect_dist": [
        0.0,
        0.0,
        0.0,
        0.0,
        0.0
    ],
    "rect_image_size": [
        1920,
        1080
    ]
}