{
    "fisheye_camera_K": [
        1016.2213973442922,
        0.0,
        981.734327155676,
        0.0,
        1024.2402737671383,
        560.1876586894061,
        0.0,
        0.0,
        1.0
    ],
    "fisheye_dist": [
        -0.04557244490551937,
        -0.020664819458954866,
        0.00845832181509025,
        -0.0034491057685520334
    ],
    "fisheye_image_size": [
        1920,
        1080
    ],
    "rect_camera_K": [
        1016.2213973442922,
        0.0,
        981.734327155676,
        0.0,
        1024.2402737671383,
        560.1876586894061,
        0.0,
        0.0,
        1.0
    ],
    "rect_dist": [
        0.0,
        0.0,
        0.0,
        0.0,
        0.0
    ],
    "rect_image_size": [
        1920,
        1080
    ]
}