{
    "fisheye_camera_K": [
        1020.6246698513915,
        0.0,
        989.5119385721862,
        0.0,
        1028.3464610735007,
        582.9520894171679,
        0.0,
        0.0,
        1.0
    ],
    "fisheye_dist": [
        -0.044646799223736637,
        -0.022784788482124214,
        0.01146061728451455,
        -0.004866478748643307
    ],
    "fisheye_image_size": [
        1920,
        1080
    ],
    "rect_camera_K": [
        1020.6246698513915,
        0.0,
        989.5119385721862,
        0.0,
        1028.3464610735007,
        582.9520894171679,
        0.0,
        0.0,
        1.0
    ],
    "rect_dist": [
        0.0,
        0.0,
        0.0,
        0.0,
        0.0
    ],
    "rect_image_size": [
        1920,
        1080
    ]
}