{
    "camera_name": "HJQZ2330265",
    "fisheye_camera_K": [
        1013.3198857172276,
        0.0,
        977.7380387046598,
        0.0,
        1021.2350943408591,
        579.5356279018156,
        0.0,
        0.0,
        1.0
    ],
    "fisheye_dist": [
        -0.049167384384295357,
        -0.009317110620688792,
        -0.002561936129960956,
        0.0002342286008686046
    ],
    "fisheye_image_size": [
        1920,
        1080
    ],
    "rect_camera_K": [
        1013.3198857172276,
        0.0,
        977.7380387046598,
        0.0,
        1021.2350943408591,
        579.5356279018156,
        0.0,
        0.0,
        1.0
    ],
    "rect_dist": [
        0.0,
        0.0,
        0.0,
        0.0,
        0.0
    ],
    "rect_image_size": [
        1920,
        1080
    ]
}