{
    "camera_name": "HJQZ2330312",
    "fisheye_camera_K": [
        1017.2414250799443,
        0.0,
        984.8706104403518,
        0.0,
        1025.0484417702642,
        584.2125471163032,
        0.0,
        0.0,
        1.0
    ],
    "fisheye_dist": [
        -0.04951163535162154,
        -0.005564551195106619,
        -0.005724547917551896,
        0.0009912368451895058
    ],
    "fisheye_image_size": [
        1920,
        1080
    ],
    "rect_camera_K": [
        1017.2414250799443,
        0.0,
        984.8706104403518,
        0.0,
        1025.0484417702642,
        584.2125471163032,
        0.0,
        0.0,
        1.0
    ],
    "rect_dist": [
        0.0,
        0.0,
        0.0,
        0.0,
        0.0
    ],
    "rect_image_size": [
        1920,
        1080
    ]
}