{
    "fisheye_camera_K": [
        1020.5390809331224,
        0.0,
        982.2186731755519,
        0.0,
        1028.4676513322175,
        562.1448156482112,
        0.0,
        0.0,
        1.0
    ],
    "fisheye_dist": [
        -0.050216557053196438,
        -0.0020561124545426438,
        -0.013556381560778737,
        0.005397220743309024
    ],
    "fisheye_image_size": [
        1920,
        1080
    ],
    "rect_camera_K": [
        1020.5390809331224,
        0.0,
        982.2186731755519,
        0.0,
        1028.4676513322175,
        562.1448156482112,
        0.0,
        0.0,
        1.0
    ],
    "rect_dist": [
        0.0,
        0.0,
        0.0,
        0.0,
        0.0
    ],
    "rect_image_size": [
        1920,
        1080
    ]
}