{
    "fisheye_camera_K": [
        1016.3202817557829,
        0.0,
        981.8849302208133,
        0.0,
        1024.3993118914582,
        556.3091707384039,
        0.0,
        0.0,
        1.0
    ],
    "fisheye_dist": [
        -0.0431744252089535,
        -0.02690811324602312,
        0.01703870101791867,
        -0.007093024135071891
    ],
    "fisheye_image_size": [
        1920,
        1080
    ],
    "rect_camera_K": [
        1016.3202817557829,
        0.0,
        981.8849302208133,
        0.0,
        1024.3993118914582,
        556.3091707384039,
        0.0,
        0.0,
        1.0
    ],
    "rect_dist": [
        0.0,
        0.0,
        0.0,
        0.0,
        0.0
    ],
    "rect_image_size": [
        1920,
        1080
    ]
}