{
    "fisheye_camera_K": [
        1018.7530034120943,
        0.0,
        955.2892545779255,
        0.0,
        1026.8139314773876,
        565.0378069447511,
        0.0,
        0.0,
        1.0
    ],
    "fisheye_dist": [
        -0.04441161033994611,
        -0.020615490771833935,
        0.007268324838238573,
        -0.0026915797484595366
    ],
    "fisheye_image_size": [
        1920,
        1080
    ],
    "rect_camera_K": [
        1018.7530034120943,
        0.0,
        955.2892545779255,
        0.0,
        1026.8139314773876,
        565.0378069447511,
        0.0,
        0.0,
        1.0
    ],
    "rect_dist": [
        0.0,
        0.0,
        0.0,
        0.0,
        0.0
    ],
    "rect_image_size": [
        1920,
        1080
    ]
}