{
    "fisheye_camera_K": [
        1019.5775980581383,
        0.0,
        989.3431438408727,
        0.0,
        1027.7235294191037,
        569.927046127039,
        0.0,
        0.0,
        1.0
    ],
    "fisheye_dist": [
        -0.043576688892516739,
        -0.02125579304538326,
        0.009634341198154966,
        -0.003925113357142043
    ],
    "fisheye_image_size": [
        1920,
        1080
    ],
    "rect_camera_K": [
        1019.5775980581383,
        0.0,
        989.3431438408727,
        0.0,
        1027.7235294191037,
        569.927046127039,
        0.0,
        0.0,
        1.0
    ],
    "rect_dist": [
        0.0,
        0.0,
        0.0,
        0.0,
        0.0
    ],
    "rect_image_size": [
        1920,
        1080
    ]
}