{
    "camera_name": "HJQZ2330253",
    "fisheye_camera_K": [
        1015.8601562866392,
        0.0,
        980.4362774264223,
        0.0,
        1023.86195765275,
        555.5125272838851,
        0.0,
        0.0,
        1.0
    ],
    "fisheye_dist": [
        -0.04795833964686096,
        -0.009683725135307254,
        -0.0017173230514254174,
        -0.0003432264789661678
    ],
    "fisheye_image_size": [
        1920,
        1080
    ],
    "rect_camera_K": [
        1015.8601562866392,
        0.0,
        980.4362774264223,
        0.0,
        1023.86195765275,
        555.5125272838851,
        0.0,
        0.0,
        1.0
    ],
    "rect_dist": [
        0.0,
        0.0,
        0.0,
        0.0,
        0.0
    ],
    "rect_image_size": [
        1920,
        1080
    ]
}