{
    "fisheye_camera_K": [
        1017.1115317866578,
        0.0,
        998.6791932008312,
        0.0,
        1025.4152898104699,
        551.536750021049,
        0.0,
        0.0,
        1.0
    ],
    "fisheye_dist": [
        -0.045049355835458968,
        -0.01992950427957947,
        0.01036329367291247,
        -0.0047661885535198269
    ],
    "fisheye_image_size": [
        1920,
        1080
    ],
    "rect_camera_K": [
        1017.1115317866578,
        0.0,
        998.6791932008312,
        0.0,
        1025.4152898104699,
        551.536750021049,
        0.0,
        0.0,
        1.0
    ],
    "rect_dist": [
        0.0,
        0.0,
        0.0,
        0.0,
        0.0
    ],
    "rect_image_size": [
        1920,
        1080
    ]
}