{
    "fisheye_camera_K": [
        1017.5661212640438,
        0.0,
        964.2207640624952,
        0.0,
        1025.038156985474,
        564.842701326421,
        0.0,
        0.0,
        1.0
    ],
    "fisheye_dist": [
        -0.045136822301889197,
        -0.02275823508074207,
        0.013343553062413836,
        -0.005715995721955646
    ],
    "fisheye_image_size": [
        1920,
        1080
    ],
    "rect_camera_K": [
        1017.5661212640438,
        0.0,
        964.2207640624952,
        0.0,
        1025.038156985474,
        564.842701326421,
        0.0,
        0.0,
        1.0
    ],
    "rect_dist": [
        0.0,
        0.0,
        0.0,
        0.0,
        0.0
    ],
    "rect_image_size": [
        1920,
        1080
    ]
}