{
    "fisheye_camera_K": [
        1021.1408250396183,
        0.0,
        1000.5884395715472,
        0.0,
        1029.092717505198,
        566.0644915277841,
        0.0,
        0.0,
        1.0
    ],
    "fisheye_dist": [
        -0.0420369181558695,
        -0.027829388938244,
        0.018322703672511627,
        -0.0076411003190955668
    ],
    "fisheye_image_size": [
        1920,
        1080
    ],
    "rect_camera_K": [
        1021.1408250396183,
        0.0,
        1000.5884395715472,
        0.0,
        1029.092717505198,
        566.0644915277841,
        0.0,
        0.0,
        1.0
    ],
    "rect_dist": [
        0.0,
        0.0,
        0.0,
        0.0,
        0.0
    ],
    "rect_image_size": [
        1920,
        1080
    ]
}