{
    "camera_name": "HJQZ2330308",
    "fisheye_camera_K": [
        1017.2410956027461,
        0.0,
        987.371118755304,
        0.0,
        1025.2132520894775,
        550.3305973443485,
        0.0,
        0.0,
        1.0
    ],
    "fisheye_dist": [
        -0.04862929137467988,
        -0.00991624257326436,
        0.00003479667941367141,
        -0.0014783118928829909
    ],
    "fisheye_image_size": [
        1920,
        1080
    ],
    "rect_camera_K": [
        1017.2410956027461,
        0.0,
        987.371118755304,
        0.0,
        1025.2132520894775,
        550.3305973443485,
        0.0,
        0.0,
        1.0
    ],
    "rect_dist": [
        0.0,
        0.0,
        0.0,
        0.0,
        0.0
    ],
    "rect_image_size": [
        1920,
        1080
    ]
}