{
    "camera_name": "HJQZ2330269",
    "fisheye_camera_K": [
        1009.6688990874367,
        0.0,
        971.9997405531905,
        0.0,
        1017.6418308852211,
        543.5254076475444,
        0.0,
        0.0,
        1.0
    ],
    "fisheye_dist": [
        -0.047522453302688418,
        -0.010750036506239595,
        -0.00042242219688949965,
        -0.0005623060476764774
    ],
    "fisheye_image_size": [
        1920,
        1080
    ],
    "rect_camera_K": [
        1009.6688990874367,
        0.0,
        971.9997405531905,
        0.0,
        1017.6418308852211,
        543.5254076475444,
        0.0,
        0.0,
        1.0
    ],
    "rect_dist": [
        0.0,
        0.0,
        0.0,
        0.0,
        0.0
    ],
    "rect_image_size": [
        1920,
        1080
    ]
}