{
    "camera_name": "HJQZ2330268",
    "fisheye_camera_K": [
        1017.0359437309788,
        0.0,
        986.3985857228715,
        0.0,
        1024.9804155264533,
        569.696978666353,
        0.0,
        0.0,
        1.0
    ],
    "fisheye_dist": [
        -0.047126094016161499,
        -0.010931391275065766,
        -0.0017953644165151955,
        0.00020727518144989052
    ],
    "fisheye_image_size": [
        1920,
        1080
    ],
    "rect_camera_K": [
        1017.0359437309788,
        0.0,
        986.3985857228715,
        0.0,
        1024.9804155264533,
        569.696978666353,
        0.0,
        0.0,
        1.0
    ],
    "rect_dist": [
        0.0,
        0.0,
        0.0,
        0.0,
        0.0
    ],
    "rect_image_size": [
        1920,
        1080
    ]
}