{
    "fisheye_camera_K": [
        1015.7676228932793,
        0.0,
        986.0241491604338,
        0.0,
        1023.8859891667872,
        561.8980509863773,
        0.0,
        0.0,
        1.0
    ],
    "fisheye_dist": [
        -0.042286446842916939,
        -0.027936791037779165,
        0.016229154044396608,
        -0.006053090739813473
    ],
    "fisheye_image_size": [
        1920,
        1080
    ],
    "rect_camera_K": [
        1015.7676228932793,
        0.0,
        986.0241491604338,
        0.0,
        1023.8859891667872,
        561.8980509863773,
        0.0,
        0.0,
        1.0
    ],
    "rect_dist": [
        0.0,
        0.0,
        0.0,
        0.0,
        0.0
    ],
    "rect_image_size": [
        1920,
        1080
    ]
}