{
    "fisheye_camera_K": [
        1023.5950966875068,
        0.0,
        986.6470005227186,
        0.0,
        1031.3141413521958,
        564.9534206732894,
        0.0,
        0.0,
        1.0
    ],
    "fisheye_dist": [
        -0.04835529601317373,
        -0.011622976910075174,
        0.001136761932225519,
        -0.0015705181822647185
    ],
    "fisheye_image_size": [
        1920,
        1080
    ],
    "rect_camera_K": [
        1023.5950966875068,
        0.0,
        986.6470005227186,
        0.0,
        1031.3141413521958,
        564.9534206732894,
        0.0,
        0.0,
        1.0
    ],
    "rect_dist": [
        0.0,
        0.0,
        0.0,
        0.0,
        0.0
    ],
    "rect_image_size": [
        1920,
        1080
    ]
}