{
    "camera_name": "HJQZ2330307",
    "fisheye_camera_K": [
        1013.7171455080011,
        0.0,
        1000.0270639259192,
        0.0,
        1021.5450738682523,
        574.9397207095612,
        0.0,
        0.0,
        1.0
    ],
    "fisheye_dist": [
        -0.0503724130358772,
        -0.0037310895800729399,
        -0.00906608245779276,
        0.002868364494586369
    ],
    "fisheye_image_size": [
        1920,
        1080
    ],
    "rect_camera_K": [
        1013.7171455080011,
        0.0,
        1000.0270639259192,
        0.0,
        1021.5450738682523,
        574.9397207095612,
        0.0,
        0.0,
        1.0
    ],
    "rect_dist": [
        0.0,
        0.0,
        0.0,
        0.0,
        0.0
    ],
    "rect_image_size": [
        1920,
        1080
    ]
}