{
    "fisheye_camera_K": [
        1015.4455008975929,
        0.0,
        982.9736591430697,
        0.0,
        1023.268232761676,
        541.4031425220034,
        0.0,
        0.0,
        1.0
    ],
    "fisheye_dist": [
        -0.03930931206257903,
        -0.03360557663353086,
        0.021476249323268593,
        -0.007895791910762512
    ],
    "fisheye_image_size": [
        1920,
        1080
    ],
    "rect_camera_K": [
        1015.4455008975929,
        0.0,
        982.9736591430697,
        0.0,
        1023.268232761676,
        541.4031425220034,
        0.0,
        0.0,
        1.0
    ],
    "rect_dist": [
        0.0,
        0.0,
        0.0,
        0.0,
        0.0
    ],
    "rect_image_size": [
        1920,
        1080
    ]
}