{
    "fisheye_camera_K": [
        1014.6059849868238,
        0.0,
        986.3176035200551,
        0.0,
        1022.4230091720086,
        545.2537375638298,
        0.0,
        0.0,
        1.0
    ],
    "fisheye_dist": [
        -0.0423238579102087,
        -0.026868295451441417,
        0.014983128302020989,
        -0.005860523364253716
    ],
    "fisheye_image_size": [
        1920,
        1080
    ],
    "rect_camera_K": [
        1014.6059849868238,
        0.0,
        986.3176035200551,
        0.0,
        1022.4230091720086,
        545.2537375638298,
        0.0,
        0.0,
        1.0
    ],
    "rect_dist": [
        0.0,
        0.0,
        0.0,
        0.0,
        0.0
    ],
    "rect_image_size": [
        1920,
        1080
    ]
}