{
    "fisheye_camera_K": [
        1015.3706900590563,
        0.0,
        1003.6471794880079,
        0.0,
        1023.8206253186507,
        559.2433592912522,
        0.0,
        0.0,
        1.0
    ],
    "fisheye_dist": [
        -0.04929216673080066,
        -0.008611440298758147,
        -0.003196953863050384,
        0.00043739468288660476
    ],
    "fisheye_image_size": [
        1920,
        1080
    ],
    "rect_camera_K": [
        1015.3706900590563,
        0.0,
        1003.6471794880079,
        0.0,
        1023.8206253186507,
        559.2433592912522,
        0.0,
        0.0,
        1.0
    ],
    "rect_dist": [
        0.0,
        0.0,
        0.0,
        0.0,
        0.0
    ],
    "rect_image_size": [
        1920,
        1080
    ]
}