{
    "fisheye_camera_K": [
        1019.525768393115,
        0.0,
        1023.0638720525619,
        0.0,
        1027.750879307247,
        567.5750081087433,
        0.0,
        0.0,
        1.0
    ],
    "fisheye_dist": [
        -0.04978960611627628,
        -0.009355838657800807,
        -0.0010922112408775877,
        -0.0005735240658869178
    ],
    "fisheye_image_size": [
        1920,
        1080
    ],
    "rect_camera_K": [
        1019.525768393115,
        0.0,
        1023.0638720525619,
        0.0,
        1027.750879307247,
        567.5750081087433,
        0.0,
        0.0,
        1.0
    ],
    "rect_dist": [
        0.0,
        0.0,
        0.0,
        0.0,
        0.0
    ],
    "rect_image_size": [
        1920,
        1080
    ]
}