{
    "camera_name": "HJQZ2330315",
    "fisheye_camera_K": [
        1011.466982753254,
        0.0,
        985.3559158572934,
        0.0,
        1019.0211492202931,
        578.2611730502628,
        0.0,
        0.0,
        1.0
    ],
    "fisheye_dist": [
        -0.04871710771250458,
        -0.004108657242516347,
        -0.007019308965743349,
        0.0015995437722318006
    ],
    "fisheye_image_size": [
        1920,
        1080
    ],
    "rect_camera_K": [
        1011.466982753254,
        0.0,
        985.3559158572934,
        0.0,
        1019.0211492202931,
        578.2611730502628,
        0.0,
        0.0,
        1.0
    ],
    "rect_dist": [
        0.0,
        0.0,
        0.0,
        0.0,
        0.0
    ],
    "rect_image_size": [
        1920,
        1080
    ]
}