{
    "fisheye_camera_K": [
        1017.925081232132,
        0.0,
        976.6681717520785,
        0.0,
        1025.7762189377775,
        550.8903730894591,
        0.0,
        0.0,
        1.0
    ],
    "fisheye_dist": [
        -0.04515242605746226,
        -0.022480615839762069,
        0.012718327792059404,
        -0.00554601792664935
    ],
    "fisheye_image_size": [
        1920,
        1080
    ],
    "rect_camera_K": [
        1017.925081232132,
        0.0,
        976.6681717520785,
        0.0,
        1025.7762189377775,
        550.8903730894591,
        0.0,
        0.0,
        1.0
    ],
    "rect_dist": [
        0.0,
        0.0,
        0.0,
        0.0,
        0.0
    ],
    "rect_image_size": [
        1920,
        1080
    ]
}