{
    "fisheye_camera_K": [
        1021.9402254400256,
        0.0,
        997.8113894241545,
        0.0,
        1029.8262708884702,
        574.9934713108085,
        0.0,
        0.0,
        1.0
    ],
    "fisheye_dist": [
        -0.05027020316821327,
        -0.007066005438430357,
        -0.005624213558666406,
        0.0013585282744047118
    ],
    "fisheye_image_size": [
        1920,
        1080
    ],
    "rect_camera_K": [
        1021.9402254400256,
        0.0,
        997.8113894241545,
        0.0,
        1029.8262708884702,
        574.9934713108085,
        0.0,
        0.0,
        1.0
    ],
    "rect_dist": [
        0.0,
        0.0,
        0.0,
        0.0,
        0.0
    ],
    "rect_image_size": [
        1920,
        1080
    ]
}