{
    "fisheye_camera_K": [
        1019.1778118268912,
        0.0,
        989.564265172448,
        0.0,
        1027.1678267372489,
        550.5138347945681,
        0.0,
        0.0,
        1.0
    ],
    "fisheye_dist": [
        -0.0403874023005497,
        -0.03074928028272347,
        0.019267418621787499,
        -0.007334659397010851
    ],
    "fisheye_image_size": [
        1920,
        1080
    ],
    "rect_camera_K": [
        1019.1778118268912,
        0.0,
        989.564265172448,
        0.0,
        1027.1678267372489,
        550.5138347945681,
        0.0,
        0.0,
        1.0
    ],
    "rect_dist": [
        0.0,
        0.0,
        0.0,
        0.0,
        0.0
    ],
    "rect_image_size": [
        1920,
        1080
    ]
}