{
    "fisheye_camera_K": [
        1015.5221928432927,
        0.0,
        975.303913941443,
        0.0,
        1023.5439147302209,
        554.5358907651206,
        0.0,
        0.0,
        1.0
    ],
    "fisheye_dist": [
        -0.04090845345519891,
        -0.030433016532112265,
        0.01859041074524944,
        -0.007033221344121021
    ],
    "fisheye_image_size": [
        1920,
        1080
    ],
    "rect_camera_K": [
        1015.5221928432927,
        0.0,
        975.303913941443,
        0.0,
        1023.5439147302209,
        554.5358907651206,
        0.0,
        0.0,
        1.0
    ],
    "rect_dist": [
        0.0,
        0.0,
        0.0,
        0.0,
        0.0
    ],
    "rect_image_size": [
        1920,
        1080
    ]
}