{
    "camera_name": "HJQZ2330284",
    "fisheye_camera_K": [
        1014.5391144299914,
        0.0,
        986.9390755061022,
        0.0,
        1022.6574286341022,
        576.3808629816033,
        0.0,
        0.0,
        1.0
    ],
    "fisheye_dist": [
        -0.049483165649670399,
        -0.005383633072004865,
        -0.006800095550712185,
        0.0018880523318184982
    ],
    "fisheye_image_size": [
        1920,
        1080
    ],
    "rect_camera_K": [
        1014.5391144299914,
        0.0,
        986.9390755061022,
        0.0,
        1022.6574286341022,
        576.3808629816033,
        0.0,
        0.0,
        1.0
    ],
    "rect_dist": [
        0.0,
        0.0,
        0.0,
        0.0,
        0.0
    ],
    "rect_image_size": [
        1920,
        1080
    ]
}