{
    "fisheye_camera_K": [
        1019.6720583881445,
        0.0,
        981.5967747416707,
        0.0,
        1027.4564131115024,
        562.0388615964714,
        0.0,
        0.0,
        1.0
    ],
    "fisheye_dist": [
        -0.04373391875826405,
        -0.024824202442146984,
        0.01573705609922521,
        -0.006750907690002925
    ],
    "fisheye_image_size": [
        1920,
        1080
    ],
    "rect_camera_K": [
        1019.6720583881445,
        0.0,
        981.5967747416707,
        0.0,
        1027.4564131115024,
        562.0388615964714,
        0.0,
        0.0,
        1.0
    ],
    "rect_dist": [
        0.0,
        0.0,
        0.0,
        0.0,
        0.0
    ],
    "rect_image_size": [
        1920,
        1080
    ]
}