{
    "camera_name": "HJQZ2330277",
    "fisheye_camera_K": [
        1013.9140013462464,
        0.0,
        970.2938752980032,
        0.0,
        1021.8239270440299,
        548.1098636144312,
        0.0,
        0.0,
        1.0
    ],
    "fisheye_dist": [
        -0.04742307111751637,
        -0.01056069026773239,
        -0.0014638114959595803,
        -0.0001510530629718255
    ],
    "fisheye_image_size": [
        1920,
        1080
    ],
    "rect_camera_K": [
        1013.9140013462464,
        0.0,
        970.2938752980032,
        0.0,
        1021.8239270440299,
        548.1098636144312,
        0.0,
        0.0,
        1.0
    ],
    "rect_dist": [
        0.0,
        0.0,
        0.0,
        0.0,
        0.0
    ],
    "rect_image_size": [
        1920,
        1080
    ]
}