{
    "camera_name": "HJQZ2330261",
    "fisheye_camera_K": [
        1014.2198792392262,
        0.0,
        965.4490944129004,
        0.0,
        1022.2003167635385,
        553.4979848482383,
        0.0,
        0.0,
        1.0
    ],
    "fisheye_dist": [
        -0.04963425090471193,
        -0.0078072904548797659,
        -0.0036920473750652056,
        0.0006801898908637813
    ],
    "fisheye_image_size": [
        1920,
        1080
    ],
    "rect_camera_K": [
        1014.2198792392262,
        0.0,
        965.4490944129004,
        0.0,
        1022.2003167635385,
        553.4979848482383,
        0.0,
        0.0,
        1.0
    ],
    "rect_dist": [
        0.0,
        0.0,
        0.0,
        0.0,
        0.0
    ],
    "rect_image_size": [
        1920,
        1080
    ]
}