{
    "camera_name": "HJQZ2330260",
    "fisheye_camera_K": [
        1019.888661123274,
        0.0,
        985.3337080276463,
        0.0,
        1027.6595701999666,
        578.2060521243154,
        0.0,
        0.0,
        1.0
    ],
    "fisheye_dist": [
        -0.04758039598355421,
        -0.010113808784825349,
        -0.001157730018264332,
        -0.0003310637673655791
    ],
    "fisheye_image_size": [
        1920,
        1080
    ],
    "rect_camera_K": [
        1019.888661123274,
        0.0,
        985.3337080276463,
        0.0,
        1027.6595701999666,
        578.2060521243154,
        0.0,
        0.0,
        1.0
    ],
    "rect_dist": [
        0.0,
        0.0,
        0.0,
        0.0,
        0.0
    ],
    "rect_image_size": [
        1920,
        1080
    ]
}