{
    "fisheye_camera_K": [
        1020.2072431304142,
        0.0,
        974.9540914910282,
        0.0,
        1027.853005522996,
        567.278841921525,
        0.0,
        0.0,
        1.0
    ],
    "fisheye_dist": [
        -0.04149084369075863,
        -0.027120419930178147,
        0.014713455224721912,
        -0.005512088608018002
    ],
    "fisheye_image_size": [
        1920,
        1080
    ],
    "rect_camera_K": [
        1020.2072431304142,
        0.0,
        974.9540914910282,
        0.0,
        1027.853005522996,
        567.278841921525,
        0.0,
        0.0,
        1.0
    ],
    "rect_dist": [
        0.0,
        0.0,
        0.0,
        0.0,
        0.0
    ],
    "rect_image_size": [
        1920,
        1080
    ]
}