{
    "fisheye_camera_K": [
        1017.1048667510628,
        0.0,
        961.1756556828374,
        0.0,
        1025.1242578212885,
        568.5489131408048,
        0.0,
        0.0,
        1.0
    ],
    "fisheye_dist": [
        -0.04876563162990836,
        -0.00982000563607,
        -0.0017353078701068078,
        -0.00007590190616687791
    ],
    "fisheye_image_size": [
        1920,
        1080
    ],
    "rect_camera_K": [
        1017.1048667510628,
        0.0,
        961.1756556828374,
        0.0,
        1025.1242578212885,
        568.5489131408048,
        0.0,
        0.0,
        1.0
    ],
    "rect_dist": [
        0.0,
        0.0,
        0.0,
        0.0,
        0.0
    ],
    "rect_image_size": [
        1920,
        1080
    ]
}