{
    "fisheye_camera_K": [
        1014.2964681750137,
        0.0,
        1000.7945671994997,
        0.0,
        1022.1419178404926,
        558.8441428317754,
        0.0,
        0.0,
        1.0
    ],
    "fisheye_dist": [
        -0.04228139530546835,
        -0.02491727312035991,
        0.012965432590726989,
        -0.004814825350722483
    ],
    "fisheye_image_size": [
        1920,
        1080
    ],
    "rect_camera_K": [
        1014.2964681750137,
        0.0,
        1000.7945671994997,
        0.0,
        1022.1419178404926,
        558.8441428317754,
        0.0,
        0.0,
        1.0
    ],
    "rect_dist": [
        0.0,
        0.0,
        0.0,
        0.0,
        0.0
    ],
    "rect_image_size": [
        1920,
        1080
    ]
}