{
    "camera_name": "HJQZ2330278",
    "fisheye_camera_K": [
        1015.8764071054046,
        0.0,
        984.2754444225459,
        0.0,
        1023.7365215715209,
        565.2547100184817,
        0.0,
        0.0,
        1.0
    ],
    "fisheye_dist": [
        -0.047897677210210359,
        -0.007462054632026724,
        -0.0048492628664203499,
        0.001203742097142492
    ],
    "fisheye_image_size": [
        1920,
        1080
    ],
    "rect_camera_K": [
        1015.8764071054046,
        0.0,
        984.2754444225459,
        0.0,
        1023.7365215715209,
        565.2547100184817,
        0.0,
        0.0,
        1.0
    ],
    "rect_dist": [
        0.0,
        0.0,
        0.0,
        0.0,
        0.0
    ],
    "rect_image_size": [
        1920,
        1080
    ]
}