{
    "camera_name": "HJQZ2330272",
    "fisheye_camera_K": [
        1016.8073881551585,
        0.0,
        981.2020737613724,
        0.0,
        1024.3559742840942,
        581.6658805752207,
        0.0,
        0.0,
        1.0
    ],
    "fisheye_dist": [
        -0.0471218372495215,
        -0.007989981066700507,
        -0.005081533500823774,
        0.0014366683903826545
    ],
    "fisheye_image_size": [
        1920,
        1080
    ],
    "rect_camera_K": [
        1016.8073881551585,
        0.0,
        981.2020737613724,
        0.0,
        1024.3559742840942,
        581.6658805752207,
        0.0,
        0.0,
        1.0
    ],
    "rect_dist": [
        0.0,
        0.0,
        0.0,
        0.0,
        0.0
    ],
    "rect_image_size": [
        1920,
        1080
    ]
}