{
    "fisheye_camera_K": [
        1019.4869342262682,
        0.0,
        981.3158772962892,
        0.0,
        1027.6184242094437,
        572.6451505352247,
        0.0,
        0.0,
        1.0
    ],
    "fisheye_dist": [
        -0.04569739005898798,
        -0.022863127049566644,
        0.013096704948134468,
        -0.005781649284192567
    ],
    "fisheye_image_size": [
        1920,
        1080
    ],
    "rect_camera_K": [
        1019.4869342262682,
        0.0,
        981.3158772962892,
        0.0,
        1027.6184242094437,
        572.6451505352247,
        0.0,
        0.0,
        1.0
    ],
    "rect_dist": [
        0.0,
        0.0,
        0.0,
        0.0,
        0.0
    ],
    "rect_image_size": [
        1920,
        1080
    ]
}