{
    "fisheye_camera_K": [
        1017.5302733731095,
        0.0,
        1002.6337507899916,
        0.0,
        1025.2167678480778,
        531.7195500390824,
        0.0,
        0.0,
        1.0
    ],
    "fisheye_dist": [
        -0.04649578085664276,
        -0.020724082079133168,
        0.009989765265186019,
        -0.004211282951778612
    ],
    "fisheye_image_size": [
        1920,
        1080
    ],
    "rect_camera_K": [
        1017.5302733731095,
        0.0,
        1002.6337507899916,
        0.0,
        1025.2167678480778,
        531.7195500390824,
        0.0,
        0.0,
        1.0
    ],
    "rect_dist": [
        0.0,
        0.0,
        0.0,
        0.0,
        0.0
    ],
    "rect_image_size": [
        1920,
        1080
    ]
}