{
    "fisheye_camera_K": [
        1016.2195189863576,
        0.0,
        985.1776740741336,
        0.0,
        1024.2225408881935,
        565.2923809200295,
        0.0,
        0.0,
        1.0
    ],
    "fisheye_dist": [
        -0.04576053547202558,
        -0.016166083738828168,
        0.004154737429378692,
        -0.0020315645002037319
    ],
    "fisheye_image_size": [
        1920,
        1080
    ],
    "rect_camera_K": [
        1016.2195189863576,
        0.0,
        985.1776740741336,
        0.0,
        1024.2225408881935,
        565.2923809200295,
        0.0,
        0.0,
        1.0
    ],
    "rect_dist": [
        0.0,
        0.0,
        0.0,
        0.0,
        0.0
    ],
    "rect_image_size": [
        1920,
        1080
    ]
}