{
    "camera_name": "HJQZ2330305",
    "fisheye_camera_K": [
        1013.8759972569479,
        0.0,
        972.4202240199868,
        0.0,
        1021.3920296690861,
        588.2967444725298,
        0.0,
        0.0,
        1.0
    ],
    "fisheye_dist": [
        -0.04815109769660619,
        -0.005243100577734853,
        -0.007268827281576252,
        0.0025084109537153347
    ],
    "fisheye_image_size": [
        1920,
        1080
    ],
    "rect_camera_K": [
        1013.8759972569479,
        0.0,
        972.4202240199868,
        0.0,
        1021.3920296690861,
        588.2967444725298,
        0.0,
        0.0,
        1.0
    ],
    "rect_dist": [
        0.0,
        0.0,
        0.0,
        0.0,
        0.0
    ],
    "rect_image_size": [
        1920,
        1080
    ]
}