{
    "fisheye_camera_K": [
        1020.5881089512864,
        0.0,
        985.828223578194,
        0.0,
        1028.2912328237979,
        559.1645378995398,
        0.0,
        0.0,
        1.0
    ],
    "fisheye_dist": [
        -0.04722732277776694,
        -0.018201622450428988,
        0.009207617414568232,
        -0.0045999000659067939
    ],
    "fisheye_image_size": [
        1920,
        1080
    ],
    "rect_camera_K": [
        1020.5881089512864,
        0.0,
        985.828223578194,
        0.0,
        1028.2912328237979,
        559.1645378995398,
        0.0,
        0.0,
        1.0
    ],
    "rect_dist": [
        0.0,
        0.0,
        0.0,
        0.0,
        0.0
    ],
    "rect_image_size": [
        1920,
        1080
    ]
}