{
    "fisheye_camera_K": [
        1015.408468067632,
        0.0,
        980.743007050176,
        0.0,
        1022.8558878569138,
        577.9753297820106,
        0.0,
        0.0,
        1.0
    ],
    "fisheye_dist": [
        -0.04740960912750378,
        -0.016689248450321448,
        0.005503215838476136,
        -0.0025781194622718917
    ],
    "fisheye_image_size": [
        1920,
        1080
    ],
    "rect_camera_K": [
        1015.408468067632,
        0.0,
        980.743007050176,
        0.0,
        1022.8558878569138,
        577.9753297820106,
        0.0,
        0.0,
        1.0
    ],
    "rect_dist": [
        0.0,
        0.0,
        0.0,
        0.0,
        0.0
    ],
    "rect_image_size": [
        1920,
        1080
    ]
}