{
    "fisheye_camera_K": [
        1019.1090858403825,
        0.0,
        984.4032554565544,
        0.0,
        1027.1380972267946,
        581.5173620703324,
        0.0,
        0.0,
        1.0
    ],
    "fisheye_dist": [
        -0.044635978148069608,
        -0.021966054500748797,
        0.010652247619004983,
        -0.004498305572265429
    ],
    "fisheye_image_size": [
        1920,
        1080
    ],
    "rect_camera_K": [
        1019.1090858403825,
        0.0,
        984.4032554565544,
        0.0,
        1027.1380972267946,
        581.5173620703324,
        0.0,
        0.0,
        1.0
    ],
    "rect_dist": [
        0.0,
        0.0,
        0.0,
        0.0,
        0.0
    ],
    "rect_image_size": [
        1920,
        1080
    ]
}