{
    "fisheye_camera_K": [
        1020.6125328465633,
        0.0,
        983.9845215467711,
        0.0,
        1028.317807122406,
        579.3667164054675,
        0.0,
        0.0,
        1.0
    ],
    "fisheye_dist": [
        -0.04528142663301281,
        -0.020407001332315375,
        0.009864012057621087,
        -0.004381393803374674
    ],
    "fisheye_image_size": [
        1920,
        1080
    ],
    "rect_camera_K": [
        1020.6125328465633,
        0.0,
        983.9845215467711,
        0.0,
        1028.317807122406,
        579.3667164054675,
        0.0,
        0.0,
        1.0
    ],
    "rect_dist": [
        0.0,
        0.0,
        0.0,
        0.0,
        0.0
    ],
    "rect_image_size": [
        1920,
        1080
    ]
}