{
    "fisheye_camera_K": [
        1019.1013218006752,
        0.0,
        980.4226788943638,
        0.0,
        1026.7088071133069,
        566.483683125955,
        0.0,
        0.0,
        1.0
    ],
    "fisheye_dist": [
        -0.044842311417948459,
        -0.024723057678166333,
        0.014502803859112932,
        -0.006100784475388417
    ],
    "fisheye_image_size": [
        1920,
        1080
    ],
    "rect_camera_K": [
        1019.1013218006752,
        0.0,
        980.4226788943638,
        0.0,
        1026.7088071133069,
        566.483683125955,
        0.0,
        0.0,
        1.0
    ],
    "rect_dist": [
        0.0,
        0.0,
        0.0,
        0.0,
        0.0
    ],
    "rect_image_size": [
        1920,
        1080
    ]
}