{
    "fisheye_camera_K": [
        1021.51214717976,
        0.0,
        985.0460846502738,
        0.0,
        1029.4230807510649,
        559.6854651497896,
        0.0,
        0.0,
        1.0
    ],
    "fisheye_dist": [
        -0.0453809163099804,
        -0.021964673584047378,
        0.013256574866558143,
        -0.006257056185542135
    ],
    "fisheye_image_size": [
        1920,
        1080
    ],
    "rect_camera_K": [
        1021.51214717976,
        0.0,
        985.0460846502738,
        0.0,
        1029.4230807510649,
        559.6854651497896,
        0.0,
        0.0,
        1.0
    ],
    "rect_dist": [
        0.0,
        0.0,
        0.0,
        0.0,
        0.0
    ],
    "rect_image_size": [
        1920,
        1080
    ]
}