{
    "camera_name": "HJQZ2330263",
    "fisheye_camera_K": [
        1014.5594744599497,
        0.0,
        974.1245014248718,
        0.0,
        1022.5880722774144,
        560.5079699484877,
        0.0,
        0.0,
        1.0
    ],
    "fisheye_dist": [
        -0.048381573090792339,
        -0.007442889745407899,
        -0.002512186507287866,
        -0.0002697460774849541
    ],
    "fisheye_image_size": [
        1920,
        1080
    ],
    "rect_camera_K": [
        1014.5594744599497,
        0.0,
        974.1245014248718,
        0.0,
        1022.5880722774144,
        560.5079699484877,
        0.0,
        0.0,
        1.0
    ],
    "rect_dist": [
        0.0,
        0.0,
        0.0,
        0.0,
        0.0
    ],
    "rect_image_size": [
        1920,
        1080
    ]
}