{
    "camera_name": "HJQZ2330281",
    "fisheye_camera_K": [
        1012.6521349810388,
        0.0,
        980.0542675431772,
        0.0,
        1020.6272818510176,
        553.3599487529622,
        0.0,
        0.0,
        1.0
    ],
    "fisheye_dist": [
        -0.048936432968726868,
        -0.008769208464715774,
        -0.0025393579852291366,
        -0.00017774215158580803
    ],
    "fisheye_image_size": [
        1920,
        1080
    ],
    "rect_camera_K": [
        1012.6521349810388,
        0.0,
        980.0542675431772,
        0.0,
        1020.6272818510176,
        553.3599487529622,
        0.0,
        0.0,
        1.0
    ],
    "rect_dist": [
        0.0,
        0.0,
        0.0,
        0.0,
        0.0
    ],
    "rect_image_size": [
        1920,
        1080
    ]
}