{
    "fisheye_camera_K": [
        1021.102551122523,
        0.0,
        989.9540015008022,
        0.0,
        1028.9800054099267,
        577.9485534366821,
        0.0,
        0.0,
        1.0
    ],
    "fisheye_dist": [
        -0.048404369224734667,
        -0.013802102238236794,
        0.0018107749163212297,
        -0.001206117766876443
    ],
    "fisheye_image_size": [
        1920,
        1080
    ],
    "rect_camera_K": [
        1021.102551122523,
        0.0,
        989.9540015008022,
        0.0,
        1028.9800054099267,
        577.9485534366821,
        0.0,
        0.0,
        1.0
    ],
    "rect_dist": [
        0.0,
        0.0,
        0.0,
        0.0,
        0.0
    ],
    "rect_image_size": [
        1920,
        1080
    ]
}