{
    "fisheye_camera_K": [
        1021.1394675030235,
        0.0,
        992.2744415218219,
        0.0,
        1028.4761142006005,
        574.7849931553473,
        0.0,
        0.0,
        1.0
    ],
    "fisheye_dist": [
        -0.04689679200340208,
        -0.015227006564665356,
        0.003105700564860258,
        -0.0016547165838290597
    ],
    "fisheye_image_size": [
        1920,
        1080
    ],
    "rect_camera_K": [
        1021.1394675030235,
        0.0,
        992.2744415218219,
        0.0,
        1028.4761142006005,
        574.7849931553473,
        0.0,
        0.0,
        1.0
    ],
    "rect_dist": [
        0.0,
        0.0,
        0.0,
        0.0,
        0.0
    ],
    "rect_image_size": [
        1920,
        1080
    ]
}