{
    "camera_name": "HJQZ2330255",
    "fisheye_camera_K": [
        1013.7446316871335,
        0.0,
        981.1516095639232,
        0.0,
        1021.6068862047798,
        563.6683074825207,
        0.0,
        0.0,
        1.0
    ],
    "fisheye_dist": [
        -0.047859277998593217,
        -0.010023738583319562,
        -0.001209312507526416,
        -0.00047544308282778714
    ],
    "fisheye_image_size": [
        1920,
        1080
    ],
    "rect_camera_K": [
        1013.7446316871335,
        0.0,
        981.1516095639232,
        0.0,
        1021.6068862047798,
        563.6683074825207,
        0.0,
        0.0,
        1.0
    ],
    "rect_dist": [
        0.0,
        0.0,
        0.0,
        0.0,
        0.0
    ],
    "rect_image_size": [
        1920,
        1080
    ]
}