{
    "fisheye_camera_K": [
        1019.0097468040594,
        0.0,
        991.6317198799551,
        0.0,
        1026.839181778193,
        586.9681482468458,
        0.0,
        0.0,
        1.0
    ],
    "fisheye_dist": [
        -0.04384583135750866,
        -0.02532386954815736,
        0.014982846855887324,
        -0.006166496896627516
    ],
    "fisheye_image_size": [
        1920,
        1080
    ],
    "rect_camera_K": [
        1019.0097468040594,
        0.0,
        991.6317198799551,
        0.0,
        1026.839181778193,
        586.9681482468458,
        0.0,
        0.0,
        1.0
    ],
    "rect_dist": [
        0.0,
        0.0,
        0.0,
        0.0,
        0.0
    ],
    "rect_image_size": [
        1920,
        1080
    ]
}