{
    "camera_name": "HJQZ2330313",
    "fisheye_camera_K": [
        1021.1417285712624,
        0.0,
        992.9211180596326,
        0.0,
        1028.7471273714305,
        563.2083461830761,
        0.0,
        0.0,
        1.0
    ],
    "fisheye_dist": [
        -0.04761253011554917,
        -0.012412413481428745,
        0.0024705213344779805,
        -0.002682837772908859
    ],
    "fisheye_image_size": [
        1920,
        1080
    ],
    "rect_camera_K": [
        1021.1417285712624,
        0.0,
        992.9211180596326,
        0.0,
        1028.7471273714305,
        563.2083461830761,
        0.0,
        0.0,
        1.0
    ],
    "rect_dist": [
        0.0,
        0.0,
        0.0,
        0.0,
        0.0
    ],
    "rect_image_size": [
        1920,
        1080
    ]
}