{
    "camera_name": "HJQZ2330297",
    "fisheye_camera_K": [
        1015.5108293768083,
        0.0,
        983.4178243624646,
        0.0,
        1023.0997926426337,
        562.7123717474542,
        0.0,
        0.0,
        1.0
    ],
    "fisheye_dist": [
        -0.04948370648777612,
        -0.0019405823752689247,
        -0.011652650717113552,
        0.004259366136854428
    ],
    "fisheye_image_size": [
        1920,
        1080
    ],
    "rect_camera_K": [
        1015.5108293768083,
        0.0,
        983.4178243624646,
        0.0,
        1023.0997926426337,
        562.7123717474542,
        0.0,
        0.0,
        1.0
    ],
    "rect_dist": [
        0.0,
        0.0,
        0.0,
        0.0,
        0.0
    ],
    "rect_image_size": [
        1920,
        1080
    ]
}