{
    "fisheye_camera_K": [
        1017.9026150750864,
        0.0,
        979.067606452918,
        0.0,
        1025.718758955381,
        548.2151978958137,
        0.0,
        0.0,
        1.0
    ],
    "fisheye_dist": [
        -0.04272037114944368,
        -0.024915459444391998,
        0.011896887491735979,
        -0.00427193892921067
    ],
    "fisheye_image_size": [
        1920,
        1080
    ],
    "rect_camera_K": [
        1017.9026150750864,
        0.0,
        979.067606452918,
        0.0,
        1025.718758955381,
        548.2151978958137,
        0.0,
        0.0,
        1.0
    ],
    "rect_dist": [
        0.0,
        0.0,
        0.0,
        0.0,
        0.0
    ],
    "rect_image_size": [
        1920,
        1080
    ]
}