{
    "camera_name": "HJQZ2330302",
    "fisheye_camera_K": [
        1018.7176144612928,
        0.0,
        985.4802077113991,
        0.0,
        1026.5837443941358,
        573.880588757528,
        0.0,
        0.0,
        1.0
    ],
    "fisheye_dist": [
        -0.04889126849461037,
        -0.005227753198605573,
        -0.006675181282154069,
        0.001792574720747112
    ],
    "fisheye_image_size": [
        1920,
        1080
    ],
    "rect_camera_K": [
        1018.7176144612928,
        0.0,
        985.4802077113991,
        0.0,
        1026.5837443941358,
        573.880588757528,
        0.0,
        0.0,
        1.0
    ],
    "rect_dist": [
        0.0,
        0.0,
        0.0,
        0.0,
        0.0
    ],
    "rect_image_size": [
        1920,
        1080
    ]
}