{
    "fisheye_camera_K": [
        1018.3851033966839,
        0.0,
        967.506633529189,
        0.0,
        1026.453058094874,
        584.8316376948131,
        0.0,
        0.0,
        1.0
    ],
    "fisheye_dist": [
        -0.04202357768747909,
        -0.026600898131305466,
        0.015592454526265303,
        -0.0062656160909505338
    ],
    "fisheye_image_size": [
        1920,
        1080
    ],
    "rect_camera_K": [
        1018.3851033966839,
        0.0,
        967.506633529189,
        0.0,
        1026.453058094874,
        584.8316376948131,
        0.0,
        0.0,
        1.0
    ],
    "rect_dist": [
        0.0,
        0.0,
        0.0,
        0.0,
        0.0
    ],
    "rect_image_size": [
        1920,
        1080
    ]
}