{
    "camera_name": "HJQZ2330280",
    "fisheye_camera_K": [
        1011.8426560191206,
        0.0,
        980.8348161709541,
        0.0,
        1020.0656031968769,
        560.6033763228138,
        0.0,
        0.0,
        1.0
    ],
    "fisheye_dist": [
        -0.04743422730106456,
        -0.007030290345267445,
        -0.005340593344529828,
        0.0011407404335428249
    ],
    "fisheye_image_size": [
        1920,
        1080
    ],
    "rect_camera_K": [
        1011.8426560191206,
        0.0,
        980.8348161709541,
        0.0,
        1020.0656031968769,
        560.6033763228138,
        0.0,
        0.0,
        1.0
    ],
    "rect_dist": [
        0.0,
        0.0,
        0.0,
        0.0,
        0.0
    ],
    "rect_image_size": [
        1920,
        1080
    ]
}