{
    "fisheye_camera_K": [
        1020.4753749555234,
        0.0,
        968.1273848862024,
        0.0,
        1028.1566803996882,
        557.9307356549545,
        0.0,
        0.0,
        1.0
    ],
    "fisheye_dist": [
        -0.04767314608133817,
        -0.010182699965521162,
        -0.002415980050602872,
        0.0005165897369779429
    ],
    "fisheye_image_size": [
        1920,
        1080
    ],
    "rect_camera_K": [
        1020.4753749555234,
        0.0,
        968.1273848862024,
        0.0,
        1028.1566803996882,
        557.9307356549545,
        0.0,
        0.0,
        1.0
    ],
    "rect_dist": [
        0.0,
        0.0,
        0.0,
        0.0,
        0.0
    ],
    "rect_image_size": [
        1920,
        1080
    ]
}