{
    "fisheye_camera_K": [
        1022.6390243689482,
        0.0,
        976.3616254929335,
        0.0,
        1030.4553843919464,
        571.350846403284,
        0.0,
        0.0,
        1.0
    ],
    "fisheye_dist": [
        -0.04861491754839594,
        -0.013610939197303112,
        0.0013119251855060843,
        -0.001041713924740884
    ],
    "fisheye_image_size": [
        1920,
        1080
    ],
    "rect_camera_K": [
        1022.6390243689482,
        0.0,
        976.3616254929335,
        0.0,
        1030.4553843919464,
        571.350846403284,
        0.0,
        0.0,
        1.0
    ],
    "rect_dist": [
        0.0,
        0.0,
        0.0,
        0.0,
        0.0
    ],
    "rect_image_size": [
        1920,
        1080
    ]
}