{
    "fisheye_camera_K": [
        1019.1380255849222,
        0.0,
        982.8308265459754,
        0.0,
        1026.943489427245,
        548.6186436074319,
        0.0,
        0.0,
        1.0
    ],
    "fisheye_dist": [
        -0.05493609411438312,
        0.004151036773030645,
        -0.015488431675189093,
        0.004847712990237073
    ],
    "fisheye_image_size": [
        1920,
        1080
    ],
    "rect_camera_K": [
        1019.1380255849222,
        0.0,
        982.8308265459754,
        0.0,
        1026.943489427245,
        548.6186436074319,
        0.0,
        0.0,
        1.0
    ],
    "rect_dist": [
        0.0,
        0.0,
        0.0,
        0.0,
        0.0
    ],
    "rect_image_size": [
        1920,
        1080
    ]
}