{
    "camera_name": "HJQZ2330266",
    "fisheye_camera_K": [
        1015.9727200567777,
        0.0,
        970.4994985779484,
        0.0,
        1023.7750875763978,
        551.2625785852058,
        0.0,
        0.0,
        1.0
    ],
    "fisheye_dist": [
        -0.04726102219992966,
        -0.007593128520673342,
        -0.0046137347141290319,
        0.0009080806600882122
    ],
    "fisheye_image_size": [
        1920,
        1080
    ],
    "rect_camera_K": [
        1015.9727200567777,
        0.0,
        970.4994985779484,
        0.0,
        1023.7750875763978,
        551.2625785852058,
        0.0,
        0.0,
        1.0
    ],
    "rect_dist": [
        0.0,
        0.0,
        0.0,
        0.0,
        0.0
    ],
    "rect_image_size": [
        1920,
        1080
    ]
}