{
    "camera_name": "HJQZ2330288",
    "fisheye_camera_K": [
        1012.5788483404615,
        0.0,
        976.8440474372745,
        0.0,
        1020.3847388074626,
        557.1266417766017,
        0.0,
        0.0,
        1.0
    ],
    "fisheye_dist": [
        -0.04896355443021342,
        -0.00849213833541502,
        -0.002602007273420855,
        -0.00007234713270166905
    ],
    "fisheye_image_size": [
        1920,
        1080
    ],
    "rect_camera_K": [
        1012.5788483404615,
        0.0,
        976.8440474372745,
        0.0,
        1020.3847388074626,
        557.1266417766017,
        0.0,
        0.0,
        1.0
    ],
    "rect_dist": [
        0.0,
        0.0,
        0.0,
        0.0,
        0.0
    ],
    "rect_image_size": [
        1920,
        1080
    ]
}