{
    "camera_name": "HJQZ2330310",
    "fisheye_camera_K": [
        1013.9462698781895,
        0.0,
        986.3435896451471,
        0.0,
        1021.4564520646961,
        565.7022268232194,
        0.0,
        0.0,
        1.0
    ],
    "fisheye_dist": [
        -0.05219224380900636,
        -0.0003807485953802661,
        -0.011937324487396399,
        0.0038734392365445825
    ],
    "fisheye_image_size": [
        1920,
        1080
    ],
    "rect_camera_K": [
        1013.9462698781895,
        0.0,
        986.3435896451471,
        0.0,
        1021.4564520646961,
        565.7022268232194,
        0.0,
        0.0,
        1.0
    ],
    "rect_dist": [
        0.0,
        0.0,
        0.0,
        0.0,
        0.0
    ],
    "rect_image_size": [
        1920,
        1080
    ]
}