{
    "camera_name": "HJQZ2330299",
    "fisheye_camera_K": [
        1013.3091531742047,
        0.0,
        987.0042834445648,
        0.0,
        1021.2030625990328,
        556.6373957188848,
        0.0,
        0.0,
        1.0
    ],
    "fisheye_dist": [
        -0.04792100405993811,
        -0.00802851981139497,
        -0.0021047810187773327,
        -0.0004281776989624342
    ],
    "fisheye_image_size": [
        1920,
        1080
    ],
    "rect_camera_K": [
        1013.3091531742047,
        0.0,
        987.0042834445648,
        0.0,
        1021.2030625990328,
        556.6373957188848,
        0.0,
        0.0,
        1.0
    ],
    "rect_dist": [
        0.0,
        0.0,
        0.0,
        0.0,
        0.0
    ],
    "rect_image_size": [
        1920,
        1080
    ]
}