{
    "fisheye_camera_K": [
        1017.3608081044902,
        0.0,
        997.2988415304786,
        0.0,
        1025.0580821312147,
        573.3585165015651,
        0.0,
        0.0,
        1.0
    ],
    "fisheye_dist": [
        -0.04421638398542771,
        -0.022536759208855337,
        0.010657688435675356,
        -0.004212727676468352
    ],
    "fisheye_image_size": [
        1920,
        1080
    ],
    "rect_camera_K": [
        1017.3608081044902,
        0.0,
        997.2988415304786,
        0.0,
        1025.0580821312147,
        573.3585165015651,
        0.0,
        0.0,
        1.0
    ],
    "rect_dist": [
        0.0,
        0.0,
        0.0,
        0.0,
        0.0
    ],
    "rect_image_size": [
        1920,
        1080
    ]
}