{
    "camera_name": "HJQZ2330306",
    "fisheye_camera_K": [
        1015.5645754440662,
        0.0,
        994.8056233344272,
        0.0,
        1023.1939901079873,
        552.8482364278932,
        0.0,
        0.0,
        1.0
    ],
    "fisheye_dist": [
        -0.04583083916806762,
        -0.012519864486522509,
        0.0014422137563046998,
        -0.0015122731744145015
    ],
    "fisheye_image_size": [
        1920,
        1080
    ],
    "rect_camera_K": [
        1015.5645754440662,
        0.0,
        994.8056233344272,
        0.0,
        1023.1939901079873,
        552.8482364278932,
        0.0,
        0.0,
        1.0
    ],
    "rect_dist": [
        0.0,
        0.0,
        0.0,
        0.0,
        0.0
    ],
    "rect_image_size": [
        1920,
        1080
    ]
}