{
    "fisheye_camera_K": [
        1015.8517466447072,
        0.0,
        990.3145429349439,
        0.0,
        1023.4018342855354,
        558.9723911141383,
        0.0,
        0.0,
        1.0
    ],
    "fisheye_dist": [
        -0.04552796878120588,
        -0.020490875189301033,
        0.008740706877615129,
        -0.003640690941461183
    ],
    "fisheye_image_size": [
        1920,
        1080
    ],
    "rect_camera_K": [
        1015.8517466447072,
        0.0,
        990.3145429349439,
        0.0,
        1023.4018342855354,
        558.9723911141383,
        0.0,
        0.0,
        1.0
    ],
    "rect_dist": [
        0.0,
        0.0,
        0.0,
        0.0,
        0.0
    ],
    "rect_image_size": [
        1920,
        1080
    ]
}