{
    "camera_name": "HJQZ2330264",
    "fisheye_camera_K": [
        1016.6848999777858,
        0.0,
        989.2579400635844,
        0.0,
        1024.5244176837428,
        580.4296922339904,
        0.0,
        0.0,
        1.0
    ],
    "fisheye_dist": [
        -0.04736414998761814,
        -0.008568239488448176,
        -0.0031401848865294614,
        0.00034258649918599964
    ],
    "fisheye_image_size": [
        1920,
        1080
    ],
    "rect_camera_K": [
        1016.6848999777858,
        0.0,
        989.2579400635844,
        0.0,
        1024.5244176837428,
        580.4296922339904,
        0.0,
        0.0,
        1.0
    ],
    "rect_dist": [
        0.0,
        0.0,
        0.0,
        0.0,
        0.0
    ],
    "rect_image_size": [
        1920,
        1080
    ]
}