{
    "camera_name": "HJQZ233025499",
    "fisheye_camera_K": [
        1019.362960403479,
        0.0,
        998.6677718435143,
        0.0,
        1026.9001012986699,
        591.5214001072429,
        0.0,
        0.0,
        1.0
    ],
    "fisheye_dist": [
        -0.04983538997238643,
        -0.007015017326714807,
        -0.0044887952631886668,
        0.0006027253541861484
    ],
    "fisheye_image_size": [
        1920,
        1080
    ],
    "rect_camera_K": [
        1019.362960403479,
        0.0,
        998.6677718435143,
        0.0,
        1026.9001012986699,
        591.5214001072429,
        0.0,
        0.0,
        1.0
    ],
    "rect_dist": [
        0.0,
        0.0,
        0.0,
        0.0,
        0.0
    ],
    "rect_image_size": [
        1920,
        1080
    ]
}