{
    "fisheye_camera_K": [
        1015.2815374592398,
        0.0,
        976.971782943933,
        0.0,
        1023.4225367323089,
        559.8868488622047,
        0.0,
        0.0,
        1.0
    ],
    "fisheye_dist": [
        -0.04404934922429221,
        -0.022069825279448776,
        0.01027373896000492,
        -0.004344334097475705
    ],
    "fisheye_image_size": [
        1920,
        1080
    ],
    "rect_camera_K": [
        1015.2815374592398,
        0.0,
        976.971782943933,
        0.0,
        1023.4225367323089,
        559.8868488622047,
        0.0,
        0.0,
        1.0
    ],
    "rect_dist": [
        0.0,
        0.0,
        0.0,
        0.0,
        0.0
    ],
    "rect_image_size": [
        1920,
        1080
    ]
}