{
    "camera_name": "HJQZ2330298",
    "fisheye_camera_K": [
        1014.682180231287,
        0.0,
        985.9318876769756,
        0.0,
        1022.3235053968865,
        588.0874612164308,
        0.0,
        0.0,
        1.0
    ],
    "fisheye_dist": [
        -0.04935038187693115,
        -0.00574622144296704,
        -0.006649551802512491,
        0.001953845688615726
    ],
    "fisheye_image_size": [
        1920,
        1080
    ],
    "rect_camera_K": [
        1014.682180231287,
        0.0,
        985.9318876769756,
        0.0,
        1022.3235053968865,
        588.0874612164308,
        0.0,
        0.0,
        1.0
    ],
    "rect_dist": [
        0.0,
        0.0,
        0.0,
        0.0,
        0.0
    ],
    "rect_image_size": [
        1920,
        1080
    ]
}