{
    "fisheye_camera_K": [
        1018.1749787376137,
        0.0,
        982.9597186454731,
        0.0,
        1025.64591044647,
        562.7138356847443,
        0.0,
        0.0,
        1.0
    ],
    "fisheye_dist": [
        -0.046123596628843268,
        -0.019122659314587434,
        0.006030539708719629,
        -0.0021705516399803859
    ],
    "fisheye_image_size": [
        1920,
        1080
    ],
    "rect_camera_K": [
        1018.1749787376137,
        0.0,
        982.9597186454731,
        0.0,
        1025.64591044647,
        562.7138356847443,
        0.0,
        0.0,
        1.0
    ],
    "rect_dist": [
        0.0,
        0.0,
        0.0,
        0.0,
        0.0
    ],
    "rect_image_size": [
        1920,
        1080
    ]
}