{
    "fisheye_camera_K": [
        1020.6362159108678,
        0.0,
        988.8622369628787,
        0.0,
        1029.12417687163,
        550.438805959259,
        0.0,
        0.0,
        1.0
    ],
    "fisheye_dist": [
        -0.05043190598901244,
        -0.006940664384604504,
        -0.003989982463223008,
        0.0003452442363296912
    ],
    "fisheye_image_size": [
        1920,
        1080
    ],
    "rect_camera_K": [
        1020.6362159108678,
        0.0,
        988.8622369628787,
        0.0,
        1029.12417687163,
        550.438805959259,
        0.0,
        0.0,
        1.0
    ],
    "rect_dist": [
        0.0,
        0.0,
        0.0,
        0.0,
        0.0
    ],
    "rect_image_size": [
        1920,
        1080
    ]
}