{
    "camera_name": "HJQZ2330296",
    "fisheye_camera_K": [
        1012.264496007772,
        0.0,
        981.1614921384713,
        0.0,
        1020.1624924263615,
        549.6943851108484,
        0.0,
        0.0,
        1.0
    ],
    "fisheye_dist": [
        -0.049440135133968329,
        -0.0038168283981586199,
        -0.008458962788238546,
        0.002622531575236562
    ],
    "fisheye_image_size": [
        1920,
        1080
    ],
    "rect_camera_K": [
        1012.264496007772,
        0.0,
        981.1614921384713,
        0.0,
        1020.1624924263615,
        549.6943851108484,
        0.0,
        0.0,
        1.0
    ],
    "rect_dist": [
        0.0,
        0.0,
        0.0,
        0.0,
        0.0
    ],
    "rect_image_size": [
        1920,
        1080
    ]
}