{
    "camera_name": "HJQZ2330309",
    "fisheye_camera_K": [
        1012.9868855629967,
        0.0,
        967.2419812774504,
        0.0,
        1020.8477894424826,
        565.404767420756,
        0.0,
        0.0,
        1.0
    ],
    "fisheye_dist": [
        -0.04719925496644001,
        -0.006531458122681921,
        -0.005741706812378135,
        0.0014475083565052697
    ],
    "fisheye_image_size": [
        1920,
        1080
    ],
    "rect_camera_K": [
        1012.9868855629967,
        0.0,
        967.2419812774504,
        0.0,
        1020.8477894424826,
        565.404767420756,
        0.0,
        0.0,
        1.0
    ],
    "rect_dist": [
        0.0,
        0.0,
        0.0,
        0.0,
        0.0
    ],
    "rect_image_size": [
        1920,
        1080
    ]
}