{
    "camera_name": "HJQZ2330283",
    "fisheye_camera_K": [
        1019.7866875133569,
        0.0,
        972.0391612187317,
        0.0,
        1027.6150099928269,
        561.9861767361226,
        0.0,
        0.0,
        1.0
    ],
    "fisheye_dist": [
        -0.048513450057469906,
        -0.00674637654262783,
        -0.0038764934018168438,
        0.00004532152165318512
    ],
    "fisheye_image_size": [
        1920,
        1080
    ],
    "rect_camera_K": [
        1019.7866875133569,
        0.0,
        972.0391612187317,
        0.0,
        1027.6150099928269,
        561.9861767361226,
        0.0,
        0.0,
        1.0
    ],
    "rect_dist": [
        0.0,
        0.0,
        0.0,
        0.0,
        0.0
    ],
    "rect_image_size": [
        1920,
        1080
    ]
}