{
    "camera_name": "HJQZ2330304",
    "fisheye_camera_K": [
        1015.8930174943889,
        0.0,
        989.6945599340419,
        0.0,
        1023.6161762676255,
        561.814182832986,
        0.0,
        0.0,
        1.0
    ],
    "fisheye_dist": [
        -0.04965007496857826,
        -0.00810346111340965,
        -0.004298048067055156,
        0.0009660456858159167
    ],
    "fisheye_image_size": [
        1920,
        1080
    ],
    "rect_camera_K": [
        1015.8930174943889,
        0.0,
        989.6945599340419,
        0.0,
        1023.6161762676255,
        561.814182832986,
        0.0,
        0.0,
        1.0
    ],
    "rect_dist": [
        0.0,
        0.0,
        0.0,
        0.0,
        0.0
    ],
    "rect_image_size": [
        1920,
        1080
    ]
}