{
    "fisheye_camera_K": [
        1020.1374478853168,
        0.0,
        970.5187189588409,
        0.0,
        1028.0538731989414,
        562.2236979167219,
        0.0,
        0.0,
        1.0
    ],
    "fisheye_dist": [
        -0.0500876982294999,
        -0.014626688925118583,
        0.004170088694791747,
        -0.0023919882932819885
    ],
    "fisheye_image_size": [
        1920,
        1080
    ],
    "rect_camera_K": [
        1020.1374478853168,
        0.0,
        970.5187189588409,
        0.0,
        1028.0538731989414,
        562.2236979167219,
        0.0,
        0.0,
        1.0
    ],
    "rect_dist": [
        0.0,
        0.0,
        0.0,
        0.0,
        0.0
    ],
    "rect_image_size": [
        1920,
        1080
    ]
}