{
    "fisheye_camera_K": [
        1022.4684739092495,
        0.0,
        992.325401245824,
        0.0,
        1030.4207660675609,
        539.6396245065378,
        0.0,
        0.0,
        1.0
    ],
    "fisheye_dist": [
        -0.04302415772844848,
        -0.025349523914594244,
        0.01428582860975962,
        -0.005675327184746379
    ],
    "fisheye_image_size": [
        1920,
        1080
    ],
    "rect_camera_K": [
        1022.4684739092495,
        0.0,
        992.325401245824,
        0.0,
        1030.4207660675609,
        539.6396245065378,
        0.0,
        0.0,
        1.0
    ],
    "rect_dist": [
        0.0,
        0.0,
        0.0,
        0.0,
        0.0
    ],
    "rect_image_size": [
        1920,
        1080
    ]
}