{
    "camera_name": "HJQZ2330282",
    "fisheye_camera_K": [
        1014.0808872217201,
        0.0,
        977.6956179703062,
        0.0,
        1021.7060972111755,
        563.4933021200534,
        0.0,
        0.0,
        1.0
    ],
    "fisheye_dist": [
        -0.04844819622303004,
        -0.007728192388290975,
        -0.005267341444556963,
        0.0016889254211593279
    ],
    "fisheye_image_size": [
        1920,
        1080
    ],
    "rect_camera_K": [
        1014.0808872217201,
        0.0,
        977.6956179703062,
        0.0,
        1021.7060972111755,
        563.4933021200534,
        0.0,
        0.0,
        1.0
    ],
    "rect_dist": [
        0.0,
        0.0,
        0.0,
        0.0,
        0.0
    ],
    "rect_image_size": [
        1920,
        1080
    ]
}