{
    "camera_name": "HJQZ2330276",
    "fisheye_camera_K": [
        1014.4846197931603,
        0.0,
        984.615692563088,
        0.0,
        1022.2437484773959,
        553.1725133922753,
        0.0,
        0.0,
        1.0
    ],
    "fisheye_dist": [
        -0.05096844119896517,
        -0.002203125059205749,
        -0.0108973717871522,
        0.0035955961743062848
    ],
    "fisheye_image_size": [
        1920,
        1080
    ],
    "rect_camera_K": [
        1014.4846197931603,
        0.0,
        984.615692563088,
        0.0,
        1022.2437484773959,
        553.1725133922753,
        0.0,
        0.0,
        1.0
    ],
    "rect_dist": [
        0.0,
        0.0,
        0.0,
        0.0,
        0.0
    ],
    "rect_image_size": [
        1920,
        1080
    ]
}