{
    "fisheye_camera_K": [
        1018.7531051169276,
        0.0,
        981.4002825077382,
        0.0,
        1026.8325632092593,
        554.0223332843207,
        0.0,
        0.0,
        1.0
    ],
    "fisheye_dist": [
        -0.0445947746372367,
        -0.022448608769612994,
        0.011742618777174792,
        -0.004918978822511692
    ],
    "fisheye_image_size": [
        1920,
        1080
    ],
    "rect_camera_K": [
        1018.7531051169276,
        0.0,
        981.4002825077382,
        0.0,
        1026.8325632092593,
        554.0223332843207,
        0.0,
        0.0,
        1.0
    ],
    "rect_dist": [
        0.0,
        0.0,
        0.0,
        0.0,
        0.0
    ],
    "rect_image_size": [
        1920,
        1080
    ]
}