{
    "fisheye_camera_K": [
        1018.348739982511,
        0.0,
        985.6064669837792,
        0.0,
        1026.0000609720467,
        564.4313112231636,
        0.0,
        0.0,
        1.0
    ],
    "fisheye_dist": [
        -0.04828643254980496,
        -0.012687007586442123,
        -0.0003399386591622065,
        -0.00009449833403723628
    ],
    "fisheye_image_size": [
        1920,
        1080
    ],
    "rect_camera_K": [
        1018.348739982511,
        0.0,
        985.6064669837792,
        0.0,
        1026.0000609720467,
        564.4313112231636,
        0.0,
        0.0,
        1.0
    ],
    "rect_dist": [
        0.0,
        0.0,
        0.0,
        0.0,
        0.0
    ],
    "rect_image_size": [
        1920,
        1080
    ]
}