{
    "fisheye_camera_K": [
        1018.9225278252028,
        0.0,
        974.9106700905581,
        0.0,
        1026.7242611831264,
        581.1296216905514,
        0.0,
        0.0,
        1.0
    ],
    "fisheye_dist": [
        -0.04400155911213357,
        -0.022584499453618475,
        0.012114008619467246,
        -0.005550869416085966
    ],
    "fisheye_image_size": [
        1920,
        1080
    ],
    "rect_camera_K": [
        1018.9225278252028,
        0.0,
        974.9106700905581,
        0.0,
        1026.7242611831264,
        581.1296216905514,
        0.0,
        0.0,
        1.0
    ],
    "rect_dist": [
        0.0,
        0.0,
        0.0,
        0.0,
        0.0
    ],
    "rect_image_size": [
        1920,
        1080
    ]
}