{
    "fisheye_camera_K": [
        1013.7579766719308,
        0.0,
        998.1566451780373,
        0.0,
        1021.5774026388441,
        569.8868916036604,
        0.0,
        0.0,
        1.0
    ],
    "fisheye_dist": [
        -0.04405534658067468,
        -0.025031285825249533,
        0.01508630361574699,
        -0.006218283538972218
    ],
    "fisheye_image_size": [
        1920,
        1080
    ],
    "rect_camera_K": [
        1013.7579766719308,
        0.0,
        998.1566451780373,
        0.0,
        1021.5774026388441,
        569.8868916036604,
        0.0,
        0.0,
        1.0
    ],
    "rect_dist": [
        0.0,
        0.0,
        0.0,
        0.0,
        0.0
    ],
    "rect_image_size": [
        1920,
        1080
    ]
}