{
    "fisheye_camera_K": [
        1020.4060224374653,
        0.0,
        983.6326933576638,
        0.0,
        1028.1214317080604,
        593.1137324597016,
        0.0,
        0.0,
        1.0
    ],
    "fisheye_dist": [
        -0.04647071005688218,
        -0.017047777632621994,
        0.0046692006927489819,
        -0.002211547331892829
    ],
    "fisheye_image_size": [
        1920,
        1080
    ],
    "rect_camera_K": [
        1020.4060224374653,
        0.0,
        983.6326933576638,
        0.0,
        1028.1214317080604,
        593.1137324597016,
        0.0,
        0.0,
        1.0
    ],
    "rect_dist": [
        0.0,
        0.0,
        0.0,
        0.0,
        0.0
    ],
    "rect_image_size": [
        1920,
        1080
    ]
}