{
    "fisheye_camera_K": [
        1020.0259069287258,
        0.0,
        980.4969473331049,
        0.0,
        1027.6826128006508,
        565.4851437243736,
        0.0,
        0.0,
        1.0
    ],
    "fisheye_dist": [
        -0.04414442709463944,
        -0.021645939093078615,
        0.011142756532531414,
        -0.005229733974433736
    ],
    "fisheye_image_size": [
        1920,
        1080
    ],
    "rect_camera_K": [
        1020.0259069287258,
        0.0,
        980.4969473331049,
        0.0,
        1027.6826128006508,
        565.4851437243736,
        0.0,
        0.0,
        1.0
    ],
    "rect_dist": [
        0.0,
        0.0,
        0.0,
        0.0,
        0.0
    ],
    "rect_image_size": [
        1920,
        1080
    ]
}