{
    "camera_name": "HJQZ2330289",
    "fisheye_camera_K": [
        1013.6160608445397,
        0.0,
        979.6547685736448,
        0.0,
        1021.3590509335361,
        561.0170755694499,
        0.0,
        0.0,
        1.0
    ],
    "fisheye_dist": [
        -0.04946721766129869,
        -0.005984251667762533,
        -0.008165886691478802,
        0.0031481609833932837
    ],
    "fisheye_image_size": [
        1920,
        1080
    ],
    "rect_camera_K": [
        1013.6160608445397,
        0.0,
        979.6547685736448,
        0.0,
        1021.3590509335361,
        561.0170755694499,
        0.0,
        0.0,
        1.0
    ],
    "rect_dist": [
        0.0,
        0.0,
        0.0,
        0.0,
        0.0
    ],
    "rect_image_size": [
        1920,
        1080
    ]
}